#! /opt/homebrew/Cellar/icarus-verilog/13.0/bin/vvp
:ivl_version "13.0 (stable)" "(v13_0)";
:ivl_delay_selection "TYPICAL";
:vpi_time_precision - 12;
:vpi_module "/opt/homebrew/Cellar/icarus-verilog/13.0/lib/ivl/system.vpi";
:vpi_module "/opt/homebrew/Cellar/icarus-verilog/13.0/lib/ivl/vhdl_sys.vpi";
:vpi_module "/opt/homebrew/Cellar/icarus-verilog/13.0/lib/ivl/vhdl_textio.vpi";
:vpi_module "/opt/homebrew/Cellar/icarus-verilog/13.0/lib/ivl/v2005_math.vpi";
:vpi_module "/opt/homebrew/Cellar/icarus-verilog/13.0/lib/ivl/va_math.vpi";
:vpi_module "/opt/homebrew/Cellar/icarus-verilog/13.0/lib/ivl/v2009.vpi";
S_0x102d9d700 .scope package, "$unit" "$unit" 2 1;
 .timescale 0 0;
S_0x102d96710 .scope module, "cpu" "cpu" 3 3;
 .timescale -9 -12;
    .port_info 0 /INPUT 1 "clk";
    .port_info 1 /INPUT 1 "reset";
L_0x978cac380 .functor AND 1, v0x979051540_0, L_0x9790f2580, C4<1>, C4<1>;
v0x979053c00_0 .net "ALUCtrl", 3 0, v0x979050be0_0;  1 drivers
v0x979053ca0_0 .net "ALUOp", 1 0, v0x979051400_0;  1 drivers
v0x979053d40_0 .net "ALUSrc", 0 0, v0x9790514a0_0;  1 drivers
v0x979053de0_0 .net "Branch", 0 0, v0x979051540_0;  1 drivers
v0x979053e80_0 .net "Jump", 0 0, v0x9790515e0_0;  1 drivers
v0x979053f20_0 .net "MemRead", 0 0, v0x979051680_0;  1 drivers
v0x9790e0000_0 .net "MemWrite", 0 0, v0x979051720_0;  1 drivers
v0x9790e00a0_0 .net "MemtoReg", 0 0, v0x9790517c0_0;  1 drivers
v0x9790e0140_0 .net "RegWrite", 0 0, v0x979051860_0;  1 drivers
v0x9790e01e0_0 .net *"_ivl_13", 0 0, L_0x978cac380;  1 drivers
v0x9790e0280_0 .net *"_ivl_14", 31 0, L_0x9790f1b80;  1 drivers
v0x9790e0320_0 .net *"_ivl_2", 31 0, L_0x9790f1a40;  1 drivers
L_0x979478010 .functor BUFT 1, C4<00000000000000000000000000000100>, C4<0>, C4<0>, C4<0>;
v0x9790e03c0_0 .net/2u *"_ivl_6", 31 0, L_0x979478010;  1 drivers
v0x9790e0460_0 .net "alu_input_b", 31 0, L_0x9790f19a0;  1 drivers
v0x9790e0500_0 .net "alu_result", 31 0, v0x9790510e0_0;  1 drivers
v0x9790e05a0_0 .net "branch_taken", 0 0, L_0x9790f2580;  1 drivers
v0x9790e0640_0 .net "branch_target", 31 0, L_0x9790755e0;  1 drivers
o0x979444790 .functor BUFZ 1, c4<z>; HiZ drive
v0x9790e06e0_0 .net "clk", 0 0, o0x979444790;  0 drivers
v0x9790e0780_0 .net "immediate", 31 0, v0x979052120_0;  1 drivers
v0x9790e0820_0 .net "instruction", 31 0, L_0x978c3e0d0;  1 drivers
v0x9790e08c0_0 .net "memory_data", 31 0, v0x979051cc0_0;  1 drivers
v0x9790e0960_0 .net "next_pc", 31 0, L_0x9790f1c20;  1 drivers
v0x9790e0a00_0 .net "pc", 31 0, v0x979052440_0;  1 drivers
v0x9790e0aa0_0 .net "pc_plus_4", 31 0, L_0x979075540;  1 drivers
v0x9790e0b40_0 .net "read_data1", 31 0, L_0x9790f2080;  1 drivers
v0x9790e0be0_0 .net "read_data2", 31 0, L_0x9790f2440;  1 drivers
o0x979447b50 .functor BUFZ 1, c4<z>; HiZ drive
v0x9790e0c80_0 .net "reset", 0 0, o0x979447b50;  0 drivers
v0x9790e0d20_0 .net "write_back_data", 31 0, L_0x9790f1ae0;  1 drivers
v0x9790e0dc0_0 .net "zero", 0 0, L_0x9790f24e0;  1 drivers
L_0x9790f19a0 .functor MUXZ 32, L_0x9790f2440, v0x979052120_0, v0x9790514a0_0, C4<>;
L_0x9790f1a40 .functor MUXZ 32, v0x9790510e0_0, v0x979051cc0_0, v0x9790517c0_0, C4<>;
L_0x9790f1ae0 .functor MUXZ 32, L_0x9790f1a40, L_0x979075540, v0x9790515e0_0, C4<>;
L_0x979075540 .arith/sum 32, v0x979052440_0, L_0x979478010;
L_0x9790755e0 .arith/sum 32, v0x979052440_0, v0x979052120_0;
L_0x9790f1b80 .functor MUXZ 32, L_0x979075540, L_0x9790755e0, L_0x978cac380, C4<>;
L_0x9790f1c20 .functor MUXZ 32, L_0x9790f1b80, L_0x9790755e0, v0x9790515e0_0, C4<>;
L_0x9790b1400 .part L_0x978c3e0d0, 0, 7;
L_0x9790b0aa0 .part L_0x978c3e0d0, 15, 5;
L_0x9790b0b40 .part L_0x978c3e0d0, 20, 5;
L_0x9790b1c20 .part L_0x978c3e0d0, 7, 5;
L_0x9790b1cc0 .part L_0x978c3e0d0, 12, 3;
L_0x9790b1d60 .part L_0x978c3e0d0, 25, 7;
S_0x102d95950 .scope module, "alu_ctrl" "alu_control" 3 119, 4 3 0, S_0x102d96710;
 .timescale -9 -12;
    .port_info 0 /INPUT 2 "ALUOp";
    .port_info 1 /INPUT 3 "funct3";
    .port_info 2 /INPUT 7 "funct7";
    .port_info 3 /OUTPUT 4 "ALUCtrl";
v0x979050be0_0 .var "ALUCtrl", 3 0;
v0x979050c80_0 .net "ALUOp", 1 0, v0x979051400_0;  alias, 1 drivers
v0x979050d20_0 .net "funct3", 2 0, L_0x9790b1cc0;  1 drivers
v0x979050dc0_0 .net "funct7", 6 0, L_0x9790b1d60;  1 drivers
E_0x978c76240 .event anyedge, v0x979050c80_0, v0x979050d20_0, v0x979050dc0_0;
S_0x102d94da0 .scope module, "alu_unit" "alu" 3 130, 5 2 0, S_0x102d96710;
 .timescale -9 -12;
    .port_info 0 /INPUT 32 "a";
    .port_info 1 /INPUT 32 "b";
    .port_info 2 /INPUT 4 "alu_control";
    .port_info 3 /OUTPUT 32 "result";
    .port_info 4 /OUTPUT 1 "zero";
L_0x9794782e0 .functor BUFT 1, C4<00000000000000000000000000000000>, C4<0>, C4<0>, C4<0>;
v0x979050e60_0 .net/2u *"_ivl_0", 31 0, L_0x9794782e0;  1 drivers
v0x979050f00_0 .net "a", 31 0, L_0x9790f2080;  alias, 1 drivers
v0x979050fa0_0 .net "alu_control", 3 0, v0x979050be0_0;  alias, 1 drivers
v0x979051040_0 .net "b", 31 0, L_0x9790f19a0;  alias, 1 drivers
v0x9790510e0_0 .var "result", 31 0;
v0x979051180_0 .net "zero", 0 0, L_0x9790f24e0;  alias, 1 drivers
E_0x978c76280 .event anyedge, v0x979050be0_0, v0x979050f00_0, v0x979051040_0;
L_0x9790f24e0 .cmp/eq 32, v0x9790510e0_0, L_0x9794782e0;
S_0x102d94f20 .scope module, "branch_cmp" "branch_comparator" 3 157, 6 3 0, S_0x102d96710;
 .timescale -9 -12;
    .port_info 0 /INPUT 32 "rs1_data";
    .port_info 1 /INPUT 32 "rs2_data";
    .port_info 2 /OUTPUT 1 "branch_taken";
v0x979051220_0 .net "branch_taken", 0 0, L_0x9790f2580;  alias, 1 drivers
v0x9790512c0_0 .net "rs1_data", 31 0, L_0x9790f2080;  alias, 1 drivers
v0x979051360_0 .net "rs2_data", 31 0, L_0x9790f2440;  alias, 1 drivers
L_0x9790f2580 .cmp/eq 32, L_0x9790f2080, L_0x9790f2440;
S_0x102d94650 .scope module, "control" "control_unit" 3 80, 7 3 0, S_0x102d96710;
 .timescale -9 -12;
    .port_info 0 /INPUT 7 "opcode";
    .port_info 1 /OUTPUT 1 "RegWrite";
    .port_info 2 /OUTPUT 1 "ALUSrc";
    .port_info 3 /OUTPUT 1 "MemRead";
    .port_info 4 /OUTPUT 1 "MemWrite";
    .port_info 5 /OUTPUT 1 "MemtoReg";
    .port_info 6 /OUTPUT 1 "Branch";
    .port_info 7 /OUTPUT 1 "Jump";
    .port_info 8 /OUTPUT 2 "ALUOp";
v0x979051400_0 .var "ALUOp", 1 0;
v0x9790514a0_0 .var "ALUSrc", 0 0;
v0x979051540_0 .var "Branch", 0 0;
v0x9790515e0_0 .var "Jump", 0 0;
v0x979051680_0 .var "MemRead", 0 0;
v0x979051720_0 .var "MemWrite", 0 0;
v0x9790517c0_0 .var "MemtoReg", 0 0;
v0x979051860_0 .var "RegWrite", 0 0;
v0x979051900_0 .net "opcode", 6 0, L_0x9790b1400;  1 drivers
E_0x978c762c0 .event anyedge, v0x979051900_0;
S_0x102d947d0 .scope module, "dmem" "data_memory" 3 143, 8 3 0, S_0x102d96710;
 .timescale -9 -12;
    .port_info 0 /INPUT 1 "clk";
    .port_info 1 /INPUT 1 "mem_write";
    .port_info 2 /INPUT 1 "mem_read";
    .port_info 3 /INPUT 32 "address";
    .port_info 4 /INPUT 32 "write_data";
    .port_info 5 /OUTPUT 32 "read_data";
v0x9790519a0_0 .net "address", 31 0, v0x9790510e0_0;  alias, 1 drivers
v0x979051a40_0 .net "clk", 0 0, o0x979444790;  alias, 0 drivers
v0x979051ae0_0 .net "mem_read", 0 0, v0x979051680_0;  alias, 1 drivers
v0x979051b80_0 .net "mem_write", 0 0, v0x979051720_0;  alias, 1 drivers
v0x979051c20 .array "memory", 255 0, 31 0;
v0x979051cc0_0 .var "read_data", 31 0;
v0x979051d60_0 .net "write_data", 31 0, L_0x9790f2440;  alias, 1 drivers
v0x979051c20_0 .array/port v0x979051c20, 0;
v0x979051c20_1 .array/port v0x979051c20, 1;
E_0x978c76300/0 .event anyedge, v0x979051680_0, v0x9790510e0_0, v0x979051c20_0, v0x979051c20_1;
v0x979051c20_2 .array/port v0x979051c20, 2;
v0x979051c20_3 .array/port v0x979051c20, 3;
v0x979051c20_4 .array/port v0x979051c20, 4;
v0x979051c20_5 .array/port v0x979051c20, 5;
E_0x978c76300/1 .event anyedge, v0x979051c20_2, v0x979051c20_3, v0x979051c20_4, v0x979051c20_5;
v0x979051c20_6 .array/port v0x979051c20, 6;
v0x979051c20_7 .array/port v0x979051c20, 7;
v0x979051c20_8 .array/port v0x979051c20, 8;
v0x979051c20_9 .array/port v0x979051c20, 9;
E_0x978c76300/2 .event anyedge, v0x979051c20_6, v0x979051c20_7, v0x979051c20_8, v0x979051c20_9;
v0x979051c20_10 .array/port v0x979051c20, 10;
v0x979051c20_11 .array/port v0x979051c20, 11;
v0x979051c20_12 .array/port v0x979051c20, 12;
v0x979051c20_13 .array/port v0x979051c20, 13;
E_0x978c76300/3 .event anyedge, v0x979051c20_10, v0x979051c20_11, v0x979051c20_12, v0x979051c20_13;
v0x979051c20_14 .array/port v0x979051c20, 14;
v0x979051c20_15 .array/port v0x979051c20, 15;
v0x979051c20_16 .array/port v0x979051c20, 16;
v0x979051c20_17 .array/port v0x979051c20, 17;
E_0x978c76300/4 .event anyedge, v0x979051c20_14, v0x979051c20_15, v0x979051c20_16, v0x979051c20_17;
v0x979051c20_18 .array/port v0x979051c20, 18;
v0x979051c20_19 .array/port v0x979051c20, 19;
v0x979051c20_20 .array/port v0x979051c20, 20;
v0x979051c20_21 .array/port v0x979051c20, 21;
E_0x978c76300/5 .event anyedge, v0x979051c20_18, v0x979051c20_19, v0x979051c20_20, v0x979051c20_21;
v0x979051c20_22 .array/port v0x979051c20, 22;
v0x979051c20_23 .array/port v0x979051c20, 23;
v0x979051c20_24 .array/port v0x979051c20, 24;
v0x979051c20_25 .array/port v0x979051c20, 25;
E_0x978c76300/6 .event anyedge, v0x979051c20_22, v0x979051c20_23, v0x979051c20_24, v0x979051c20_25;
v0x979051c20_26 .array/port v0x979051c20, 26;
v0x979051c20_27 .array/port v0x979051c20, 27;
v0x979051c20_28 .array/port v0x979051c20, 28;
v0x979051c20_29 .array/port v0x979051c20, 29;
E_0x978c76300/7 .event anyedge, v0x979051c20_26, v0x979051c20_27, v0x979051c20_28, v0x979051c20_29;
v0x979051c20_30 .array/port v0x979051c20, 30;
v0x979051c20_31 .array/port v0x979051c20, 31;
v0x979051c20_32 .array/port v0x979051c20, 32;
v0x979051c20_33 .array/port v0x979051c20, 33;
E_0x978c76300/8 .event anyedge, v0x979051c20_30, v0x979051c20_31, v0x979051c20_32, v0x979051c20_33;
v0x979051c20_34 .array/port v0x979051c20, 34;
v0x979051c20_35 .array/port v0x979051c20, 35;
v0x979051c20_36 .array/port v0x979051c20, 36;
v0x979051c20_37 .array/port v0x979051c20, 37;
E_0x978c76300/9 .event anyedge, v0x979051c20_34, v0x979051c20_35, v0x979051c20_36, v0x979051c20_37;
v0x979051c20_38 .array/port v0x979051c20, 38;
v0x979051c20_39 .array/port v0x979051c20, 39;
v0x979051c20_40 .array/port v0x979051c20, 40;
v0x979051c20_41 .array/port v0x979051c20, 41;
E_0x978c76300/10 .event anyedge, v0x979051c20_38, v0x979051c20_39, v0x979051c20_40, v0x979051c20_41;
v0x979051c20_42 .array/port v0x979051c20, 42;
v0x979051c20_43 .array/port v0x979051c20, 43;
v0x979051c20_44 .array/port v0x979051c20, 44;
v0x979051c20_45 .array/port v0x979051c20, 45;
E_0x978c76300/11 .event anyedge, v0x979051c20_42, v0x979051c20_43, v0x979051c20_44, v0x979051c20_45;
v0x979051c20_46 .array/port v0x979051c20, 46;
v0x979051c20_47 .array/port v0x979051c20, 47;
v0x979051c20_48 .array/port v0x979051c20, 48;
v0x979051c20_49 .array/port v0x979051c20, 49;
E_0x978c76300/12 .event anyedge, v0x979051c20_46, v0x979051c20_47, v0x979051c20_48, v0x979051c20_49;
v0x979051c20_50 .array/port v0x979051c20, 50;
v0x979051c20_51 .array/port v0x979051c20, 51;
v0x979051c20_52 .array/port v0x979051c20, 52;
v0x979051c20_53 .array/port v0x979051c20, 53;
E_0x978c76300/13 .event anyedge, v0x979051c20_50, v0x979051c20_51, v0x979051c20_52, v0x979051c20_53;
v0x979051c20_54 .array/port v0x979051c20, 54;
v0x979051c20_55 .array/port v0x979051c20, 55;
v0x979051c20_56 .array/port v0x979051c20, 56;
v0x979051c20_57 .array/port v0x979051c20, 57;
E_0x978c76300/14 .event anyedge, v0x979051c20_54, v0x979051c20_55, v0x979051c20_56, v0x979051c20_57;
v0x979051c20_58 .array/port v0x979051c20, 58;
v0x979051c20_59 .array/port v0x979051c20, 59;
v0x979051c20_60 .array/port v0x979051c20, 60;
v0x979051c20_61 .array/port v0x979051c20, 61;
E_0x978c76300/15 .event anyedge, v0x979051c20_58, v0x979051c20_59, v0x979051c20_60, v0x979051c20_61;
v0x979051c20_62 .array/port v0x979051c20, 62;
v0x979051c20_63 .array/port v0x979051c20, 63;
v0x979051c20_64 .array/port v0x979051c20, 64;
v0x979051c20_65 .array/port v0x979051c20, 65;
E_0x978c76300/16 .event anyedge, v0x979051c20_62, v0x979051c20_63, v0x979051c20_64, v0x979051c20_65;
v0x979051c20_66 .array/port v0x979051c20, 66;
v0x979051c20_67 .array/port v0x979051c20, 67;
v0x979051c20_68 .array/port v0x979051c20, 68;
v0x979051c20_69 .array/port v0x979051c20, 69;
E_0x978c76300/17 .event anyedge, v0x979051c20_66, v0x979051c20_67, v0x979051c20_68, v0x979051c20_69;
v0x979051c20_70 .array/port v0x979051c20, 70;
v0x979051c20_71 .array/port v0x979051c20, 71;
v0x979051c20_72 .array/port v0x979051c20, 72;
v0x979051c20_73 .array/port v0x979051c20, 73;
E_0x978c76300/18 .event anyedge, v0x979051c20_70, v0x979051c20_71, v0x979051c20_72, v0x979051c20_73;
v0x979051c20_74 .array/port v0x979051c20, 74;
v0x979051c20_75 .array/port v0x979051c20, 75;
v0x979051c20_76 .array/port v0x979051c20, 76;
v0x979051c20_77 .array/port v0x979051c20, 77;
E_0x978c76300/19 .event anyedge, v0x979051c20_74, v0x979051c20_75, v0x979051c20_76, v0x979051c20_77;
v0x979051c20_78 .array/port v0x979051c20, 78;
v0x979051c20_79 .array/port v0x979051c20, 79;
v0x979051c20_80 .array/port v0x979051c20, 80;
v0x979051c20_81 .array/port v0x979051c20, 81;
E_0x978c76300/20 .event anyedge, v0x979051c20_78, v0x979051c20_79, v0x979051c20_80, v0x979051c20_81;
v0x979051c20_82 .array/port v0x979051c20, 82;
v0x979051c20_83 .array/port v0x979051c20, 83;
v0x979051c20_84 .array/port v0x979051c20, 84;
v0x979051c20_85 .array/port v0x979051c20, 85;
E_0x978c76300/21 .event anyedge, v0x979051c20_82, v0x979051c20_83, v0x979051c20_84, v0x979051c20_85;
v0x979051c20_86 .array/port v0x979051c20, 86;
v0x979051c20_87 .array/port v0x979051c20, 87;
v0x979051c20_88 .array/port v0x979051c20, 88;
v0x979051c20_89 .array/port v0x979051c20, 89;
E_0x978c76300/22 .event anyedge, v0x979051c20_86, v0x979051c20_87, v0x979051c20_88, v0x979051c20_89;
v0x979051c20_90 .array/port v0x979051c20, 90;
v0x979051c20_91 .array/port v0x979051c20, 91;
v0x979051c20_92 .array/port v0x979051c20, 92;
v0x979051c20_93 .array/port v0x979051c20, 93;
E_0x978c76300/23 .event anyedge, v0x979051c20_90, v0x979051c20_91, v0x979051c20_92, v0x979051c20_93;
v0x979051c20_94 .array/port v0x979051c20, 94;
v0x979051c20_95 .array/port v0x979051c20, 95;
v0x979051c20_96 .array/port v0x979051c20, 96;
v0x979051c20_97 .array/port v0x979051c20, 97;
E_0x978c76300/24 .event anyedge, v0x979051c20_94, v0x979051c20_95, v0x979051c20_96, v0x979051c20_97;
v0x979051c20_98 .array/port v0x979051c20, 98;
v0x979051c20_99 .array/port v0x979051c20, 99;
v0x979051c20_100 .array/port v0x979051c20, 100;
v0x979051c20_101 .array/port v0x979051c20, 101;
E_0x978c76300/25 .event anyedge, v0x979051c20_98, v0x979051c20_99, v0x979051c20_100, v0x979051c20_101;
v0x979051c20_102 .array/port v0x979051c20, 102;
v0x979051c20_103 .array/port v0x979051c20, 103;
v0x979051c20_104 .array/port v0x979051c20, 104;
v0x979051c20_105 .array/port v0x979051c20, 105;
E_0x978c76300/26 .event anyedge, v0x979051c20_102, v0x979051c20_103, v0x979051c20_104, v0x979051c20_105;
v0x979051c20_106 .array/port v0x979051c20, 106;
v0x979051c20_107 .array/port v0x979051c20, 107;
v0x979051c20_108 .array/port v0x979051c20, 108;
v0x979051c20_109 .array/port v0x979051c20, 109;
E_0x978c76300/27 .event anyedge, v0x979051c20_106, v0x979051c20_107, v0x979051c20_108, v0x979051c20_109;
v0x979051c20_110 .array/port v0x979051c20, 110;
v0x979051c20_111 .array/port v0x979051c20, 111;
v0x979051c20_112 .array/port v0x979051c20, 112;
v0x979051c20_113 .array/port v0x979051c20, 113;
E_0x978c76300/28 .event anyedge, v0x979051c20_110, v0x979051c20_111, v0x979051c20_112, v0x979051c20_113;
v0x979051c20_114 .array/port v0x979051c20, 114;
v0x979051c20_115 .array/port v0x979051c20, 115;
v0x979051c20_116 .array/port v0x979051c20, 116;
v0x979051c20_117 .array/port v0x979051c20, 117;
E_0x978c76300/29 .event anyedge, v0x979051c20_114, v0x979051c20_115, v0x979051c20_116, v0x979051c20_117;
v0x979051c20_118 .array/port v0x979051c20, 118;
v0x979051c20_119 .array/port v0x979051c20, 119;
v0x979051c20_120 .array/port v0x979051c20, 120;
v0x979051c20_121 .array/port v0x979051c20, 121;
E_0x978c76300/30 .event anyedge, v0x979051c20_118, v0x979051c20_119, v0x979051c20_120, v0x979051c20_121;
v0x979051c20_122 .array/port v0x979051c20, 122;
v0x979051c20_123 .array/port v0x979051c20, 123;
v0x979051c20_124 .array/port v0x979051c20, 124;
v0x979051c20_125 .array/port v0x979051c20, 125;
E_0x978c76300/31 .event anyedge, v0x979051c20_122, v0x979051c20_123, v0x979051c20_124, v0x979051c20_125;
v0x979051c20_126 .array/port v0x979051c20, 126;
v0x979051c20_127 .array/port v0x979051c20, 127;
v0x979051c20_128 .array/port v0x979051c20, 128;
v0x979051c20_129 .array/port v0x979051c20, 129;
E_0x978c76300/32 .event anyedge, v0x979051c20_126, v0x979051c20_127, v0x979051c20_128, v0x979051c20_129;
v0x979051c20_130 .array/port v0x979051c20, 130;
v0x979051c20_131 .array/port v0x979051c20, 131;
v0x979051c20_132 .array/port v0x979051c20, 132;
v0x979051c20_133 .array/port v0x979051c20, 133;
E_0x978c76300/33 .event anyedge, v0x979051c20_130, v0x979051c20_131, v0x979051c20_132, v0x979051c20_133;
v0x979051c20_134 .array/port v0x979051c20, 134;
v0x979051c20_135 .array/port v0x979051c20, 135;
v0x979051c20_136 .array/port v0x979051c20, 136;
v0x979051c20_137 .array/port v0x979051c20, 137;
E_0x978c76300/34 .event anyedge, v0x979051c20_134, v0x979051c20_135, v0x979051c20_136, v0x979051c20_137;
v0x979051c20_138 .array/port v0x979051c20, 138;
v0x979051c20_139 .array/port v0x979051c20, 139;
v0x979051c20_140 .array/port v0x979051c20, 140;
v0x979051c20_141 .array/port v0x979051c20, 141;
E_0x978c76300/35 .event anyedge, v0x979051c20_138, v0x979051c20_139, v0x979051c20_140, v0x979051c20_141;
v0x979051c20_142 .array/port v0x979051c20, 142;
v0x979051c20_143 .array/port v0x979051c20, 143;
v0x979051c20_144 .array/port v0x979051c20, 144;
v0x979051c20_145 .array/port v0x979051c20, 145;
E_0x978c76300/36 .event anyedge, v0x979051c20_142, v0x979051c20_143, v0x979051c20_144, v0x979051c20_145;
v0x979051c20_146 .array/port v0x979051c20, 146;
v0x979051c20_147 .array/port v0x979051c20, 147;
v0x979051c20_148 .array/port v0x979051c20, 148;
v0x979051c20_149 .array/port v0x979051c20, 149;
E_0x978c76300/37 .event anyedge, v0x979051c20_146, v0x979051c20_147, v0x979051c20_148, v0x979051c20_149;
v0x979051c20_150 .array/port v0x979051c20, 150;
v0x979051c20_151 .array/port v0x979051c20, 151;
v0x979051c20_152 .array/port v0x979051c20, 152;
v0x979051c20_153 .array/port v0x979051c20, 153;
E_0x978c76300/38 .event anyedge, v0x979051c20_150, v0x979051c20_151, v0x979051c20_152, v0x979051c20_153;
v0x979051c20_154 .array/port v0x979051c20, 154;
v0x979051c20_155 .array/port v0x979051c20, 155;
v0x979051c20_156 .array/port v0x979051c20, 156;
v0x979051c20_157 .array/port v0x979051c20, 157;
E_0x978c76300/39 .event anyedge, v0x979051c20_154, v0x979051c20_155, v0x979051c20_156, v0x979051c20_157;
v0x979051c20_158 .array/port v0x979051c20, 158;
v0x979051c20_159 .array/port v0x979051c20, 159;
v0x979051c20_160 .array/port v0x979051c20, 160;
v0x979051c20_161 .array/port v0x979051c20, 161;
E_0x978c76300/40 .event anyedge, v0x979051c20_158, v0x979051c20_159, v0x979051c20_160, v0x979051c20_161;
v0x979051c20_162 .array/port v0x979051c20, 162;
v0x979051c20_163 .array/port v0x979051c20, 163;
v0x979051c20_164 .array/port v0x979051c20, 164;
v0x979051c20_165 .array/port v0x979051c20, 165;
E_0x978c76300/41 .event anyedge, v0x979051c20_162, v0x979051c20_163, v0x979051c20_164, v0x979051c20_165;
v0x979051c20_166 .array/port v0x979051c20, 166;
v0x979051c20_167 .array/port v0x979051c20, 167;
v0x979051c20_168 .array/port v0x979051c20, 168;
v0x979051c20_169 .array/port v0x979051c20, 169;
E_0x978c76300/42 .event anyedge, v0x979051c20_166, v0x979051c20_167, v0x979051c20_168, v0x979051c20_169;
v0x979051c20_170 .array/port v0x979051c20, 170;
v0x979051c20_171 .array/port v0x979051c20, 171;
v0x979051c20_172 .array/port v0x979051c20, 172;
v0x979051c20_173 .array/port v0x979051c20, 173;
E_0x978c76300/43 .event anyedge, v0x979051c20_170, v0x979051c20_171, v0x979051c20_172, v0x979051c20_173;
v0x979051c20_174 .array/port v0x979051c20, 174;
v0x979051c20_175 .array/port v0x979051c20, 175;
v0x979051c20_176 .array/port v0x979051c20, 176;
v0x979051c20_177 .array/port v0x979051c20, 177;
E_0x978c76300/44 .event anyedge, v0x979051c20_174, v0x979051c20_175, v0x979051c20_176, v0x979051c20_177;
v0x979051c20_178 .array/port v0x979051c20, 178;
v0x979051c20_179 .array/port v0x979051c20, 179;
v0x979051c20_180 .array/port v0x979051c20, 180;
v0x979051c20_181 .array/port v0x979051c20, 181;
E_0x978c76300/45 .event anyedge, v0x979051c20_178, v0x979051c20_179, v0x979051c20_180, v0x979051c20_181;
v0x979051c20_182 .array/port v0x979051c20, 182;
v0x979051c20_183 .array/port v0x979051c20, 183;
v0x979051c20_184 .array/port v0x979051c20, 184;
v0x979051c20_185 .array/port v0x979051c20, 185;
E_0x978c76300/46 .event anyedge, v0x979051c20_182, v0x979051c20_183, v0x979051c20_184, v0x979051c20_185;
v0x979051c20_186 .array/port v0x979051c20, 186;
v0x979051c20_187 .array/port v0x979051c20, 187;
v0x979051c20_188 .array/port v0x979051c20, 188;
v0x979051c20_189 .array/port v0x979051c20, 189;
E_0x978c76300/47 .event anyedge, v0x979051c20_186, v0x979051c20_187, v0x979051c20_188, v0x979051c20_189;
v0x979051c20_190 .array/port v0x979051c20, 190;
v0x979051c20_191 .array/port v0x979051c20, 191;
v0x979051c20_192 .array/port v0x979051c20, 192;
v0x979051c20_193 .array/port v0x979051c20, 193;
E_0x978c76300/48 .event anyedge, v0x979051c20_190, v0x979051c20_191, v0x979051c20_192, v0x979051c20_193;
v0x979051c20_194 .array/port v0x979051c20, 194;
v0x979051c20_195 .array/port v0x979051c20, 195;
v0x979051c20_196 .array/port v0x979051c20, 196;
v0x979051c20_197 .array/port v0x979051c20, 197;
E_0x978c76300/49 .event anyedge, v0x979051c20_194, v0x979051c20_195, v0x979051c20_196, v0x979051c20_197;
v0x979051c20_198 .array/port v0x979051c20, 198;
v0x979051c20_199 .array/port v0x979051c20, 199;
v0x979051c20_200 .array/port v0x979051c20, 200;
v0x979051c20_201 .array/port v0x979051c20, 201;
E_0x978c76300/50 .event anyedge, v0x979051c20_198, v0x979051c20_199, v0x979051c20_200, v0x979051c20_201;
v0x979051c20_202 .array/port v0x979051c20, 202;
v0x979051c20_203 .array/port v0x979051c20, 203;
v0x979051c20_204 .array/port v0x979051c20, 204;
v0x979051c20_205 .array/port v0x979051c20, 205;
E_0x978c76300/51 .event anyedge, v0x979051c20_202, v0x979051c20_203, v0x979051c20_204, v0x979051c20_205;
v0x979051c20_206 .array/port v0x979051c20, 206;
v0x979051c20_207 .array/port v0x979051c20, 207;
v0x979051c20_208 .array/port v0x979051c20, 208;
v0x979051c20_209 .array/port v0x979051c20, 209;
E_0x978c76300/52 .event anyedge, v0x979051c20_206, v0x979051c20_207, v0x979051c20_208, v0x979051c20_209;
v0x979051c20_210 .array/port v0x979051c20, 210;
v0x979051c20_211 .array/port v0x979051c20, 211;
v0x979051c20_212 .array/port v0x979051c20, 212;
v0x979051c20_213 .array/port v0x979051c20, 213;
E_0x978c76300/53 .event anyedge, v0x979051c20_210, v0x979051c20_211, v0x979051c20_212, v0x979051c20_213;
v0x979051c20_214 .array/port v0x979051c20, 214;
v0x979051c20_215 .array/port v0x979051c20, 215;
v0x979051c20_216 .array/port v0x979051c20, 216;
v0x979051c20_217 .array/port v0x979051c20, 217;
E_0x978c76300/54 .event anyedge, v0x979051c20_214, v0x979051c20_215, v0x979051c20_216, v0x979051c20_217;
v0x979051c20_218 .array/port v0x979051c20, 218;
v0x979051c20_219 .array/port v0x979051c20, 219;
v0x979051c20_220 .array/port v0x979051c20, 220;
v0x979051c20_221 .array/port v0x979051c20, 221;
E_0x978c76300/55 .event anyedge, v0x979051c20_218, v0x979051c20_219, v0x979051c20_220, v0x979051c20_221;
v0x979051c20_222 .array/port v0x979051c20, 222;
v0x979051c20_223 .array/port v0x979051c20, 223;
v0x979051c20_224 .array/port v0x979051c20, 224;
v0x979051c20_225 .array/port v0x979051c20, 225;
E_0x978c76300/56 .event anyedge, v0x979051c20_222, v0x979051c20_223, v0x979051c20_224, v0x979051c20_225;
v0x979051c20_226 .array/port v0x979051c20, 226;
v0x979051c20_227 .array/port v0x979051c20, 227;
v0x979051c20_228 .array/port v0x979051c20, 228;
v0x979051c20_229 .array/port v0x979051c20, 229;
E_0x978c76300/57 .event anyedge, v0x979051c20_226, v0x979051c20_227, v0x979051c20_228, v0x979051c20_229;
v0x979051c20_230 .array/port v0x979051c20, 230;
v0x979051c20_231 .array/port v0x979051c20, 231;
v0x979051c20_232 .array/port v0x979051c20, 232;
v0x979051c20_233 .array/port v0x979051c20, 233;
E_0x978c76300/58 .event anyedge, v0x979051c20_230, v0x979051c20_231, v0x979051c20_232, v0x979051c20_233;
v0x979051c20_234 .array/port v0x979051c20, 234;
v0x979051c20_235 .array/port v0x979051c20, 235;
v0x979051c20_236 .array/port v0x979051c20, 236;
v0x979051c20_237 .array/port v0x979051c20, 237;
E_0x978c76300/59 .event anyedge, v0x979051c20_234, v0x979051c20_235, v0x979051c20_236, v0x979051c20_237;
v0x979051c20_238 .array/port v0x979051c20, 238;
v0x979051c20_239 .array/port v0x979051c20, 239;
v0x979051c20_240 .array/port v0x979051c20, 240;
v0x979051c20_241 .array/port v0x979051c20, 241;
E_0x978c76300/60 .event anyedge, v0x979051c20_238, v0x979051c20_239, v0x979051c20_240, v0x979051c20_241;
v0x979051c20_242 .array/port v0x979051c20, 242;
v0x979051c20_243 .array/port v0x979051c20, 243;
v0x979051c20_244 .array/port v0x979051c20, 244;
v0x979051c20_245 .array/port v0x979051c20, 245;
E_0x978c76300/61 .event anyedge, v0x979051c20_242, v0x979051c20_243, v0x979051c20_244, v0x979051c20_245;
v0x979051c20_246 .array/port v0x979051c20, 246;
v0x979051c20_247 .array/port v0x979051c20, 247;
v0x979051c20_248 .array/port v0x979051c20, 248;
v0x979051c20_249 .array/port v0x979051c20, 249;
E_0x978c76300/62 .event anyedge, v0x979051c20_246, v0x979051c20_247, v0x979051c20_248, v0x979051c20_249;
v0x979051c20_250 .array/port v0x979051c20, 250;
v0x979051c20_251 .array/port v0x979051c20, 251;
v0x979051c20_252 .array/port v0x979051c20, 252;
v0x979051c20_253 .array/port v0x979051c20, 253;
E_0x978c76300/63 .event anyedge, v0x979051c20_250, v0x979051c20_251, v0x979051c20_252, v0x979051c20_253;
v0x979051c20_254 .array/port v0x979051c20, 254;
v0x979051c20_255 .array/port v0x979051c20, 255;
E_0x978c76300/64 .event anyedge, v0x979051c20_254, v0x979051c20_255;
E_0x978c76300 .event/or E_0x978c76300/0, E_0x978c76300/1, E_0x978c76300/2, E_0x978c76300/3, E_0x978c76300/4, E_0x978c76300/5, E_0x978c76300/6, E_0x978c76300/7, E_0x978c76300/8, E_0x978c76300/9, E_0x978c76300/10, E_0x978c76300/11, E_0x978c76300/12, E_0x978c76300/13, E_0x978c76300/14, E_0x978c76300/15, E_0x978c76300/16, E_0x978c76300/17, E_0x978c76300/18, E_0x978c76300/19, E_0x978c76300/20, E_0x978c76300/21, E_0x978c76300/22, E_0x978c76300/23, E_0x978c76300/24, E_0x978c76300/25, E_0x978c76300/26, E_0x978c76300/27, E_0x978c76300/28, E_0x978c76300/29, E_0x978c76300/30, E_0x978c76300/31, E_0x978c76300/32, E_0x978c76300/33, E_0x978c76300/34, E_0x978c76300/35, E_0x978c76300/36, E_0x978c76300/37, E_0x978c76300/38, E_0x978c76300/39, E_0x978c76300/40, E_0x978c76300/41, E_0x978c76300/42, E_0x978c76300/43, E_0x978c76300/44, E_0x978c76300/45, E_0x978c76300/46, E_0x978c76300/47, E_0x978c76300/48, E_0x978c76300/49, E_0x978c76300/50, E_0x978c76300/51, E_0x978c76300/52, E_0x978c76300/53, E_0x978c76300/54, E_0x978c76300/55, E_0x978c76300/56, E_0x978c76300/57, E_0x978c76300/58, E_0x978c76300/59, E_0x978c76300/60, E_0x978c76300/61, E_0x978c76300/62, E_0x978c76300/63, E_0x978c76300/64;
E_0x978c76340 .event posedge, v0x979051a40_0;
S_0x102d92170 .scope module, "imem" "instruction_memory" 3 73, 9 3 0, S_0x102d96710;
 .timescale -9 -12;
    .port_info 0 /INPUT 32 "pc";
    .port_info 1 /OUTPUT 32 "instruction";
L_0x978c3e0d0 .functor BUFZ 32, L_0x9790f1cc0, C4<00000000000000000000000000000000>, C4<00000000000000000000000000000000>, C4<00000000000000000000000000000000>;
v0x979051e00_0 .net *"_ivl_0", 31 0, L_0x9790f1cc0;  1 drivers
v0x979051ea0_0 .net *"_ivl_3", 29 0, L_0x9790b08c0;  1 drivers
v0x979051f40_0 .net "instruction", 31 0, L_0x978c3e0d0;  alias, 1 drivers
v0x979051fe0 .array "memory", 255 0, 31 0;
v0x979052080_0 .net "pc", 31 0, v0x979052440_0;  alias, 1 drivers
L_0x9790f1cc0 .array/port v0x979051fe0, L_0x9790b08c0;
L_0x9790b08c0 .part v0x979052440_0, 2, 30;
S_0x102d922f0 .scope module, "imm_gen" "immediate_generator" 3 95, 10 3 0, S_0x102d96710;
 .timescale -9 -12;
    .port_info 0 /INPUT 32 "instruction";
    .port_info 1 /OUTPUT 32 "immediate";
v0x979052120_0 .var "immediate", 31 0;
v0x9790521c0_0 .net "instruction", 31 0, L_0x978c3e0d0;  alias, 1 drivers
v0x979052260_0 .net "opcode", 6 0, L_0x9790b14a0;  1 drivers
E_0x978c76400 .event anyedge, v0x979052260_0, v0x979051f40_0;
L_0x9790b14a0 .part L_0x978c3e0d0, 0, 7;
S_0x102d8fe10 .scope module, "pc_unit" "program_counter" 3 63, 11 3 0, S_0x102d96710;
 .timescale -9 -12;
    .port_info 0 /INPUT 1 "clk";
    .port_info 1 /INPUT 1 "reset";
    .port_info 2 /INPUT 32 "next_pc";
    .port_info 3 /INPUT 1 "pc_write";
    .port_info 4 /OUTPUT 32 "pc";
v0x979052300_0 .net "clk", 0 0, o0x979444790;  alias, 0 drivers
v0x9790523a0_0 .net "next_pc", 31 0, L_0x9790f1c20;  alias, 1 drivers
v0x979052440_0 .var "pc", 31 0;
L_0x979478058 .functor BUFT 1, C4<1>, C4<0>, C4<0>, C4<0>;
v0x9790524e0_0 .net "pc_write", 0 0, L_0x979478058;  1 drivers
v0x979052580_0 .net "reset", 0 0, o0x979447b50;  alias, 0 drivers
E_0x978c76440 .event posedge, v0x979052580_0, v0x979051a40_0;
S_0x978cd0000 .scope module, "rf" "register_file" 3 102, 12 2 0, S_0x102d96710;
 .timescale -9 -12;
    .port_info 0 /INPUT 1 "clk";
    .port_info 1 /INPUT 1 "we";
    .port_info 2 /INPUT 1 "reset";
    .port_info 3 /INPUT 5 "rs1";
    .port_info 4 /INPUT 5 "rs2";
    .port_info 5 /INPUT 5 "rd";
    .port_info 6 /INPUT 32 "write_data";
    .port_info 7 /OUTPUT 32 "read_data1";
    .port_info 8 /OUTPUT 32 "read_data2";
L_0x978cac070 .functor AND 1, v0x979051860_0, L_0x9790f1e00, C4<1>, C4<1>;
L_0x978cac3f0 .functor AND 1, L_0x978cac070, L_0x9790f1ea0, C4<1>, C4<1>;
L_0x978cac460 .functor AND 1, v0x979051860_0, L_0x9790f21c0, C4<1>, C4<1>;
L_0x978cac4d0 .functor AND 1, L_0x978cac460, L_0x9790f2260, C4<1>, C4<1>;
L_0x9794780a0 .functor BUFT 1, C4<00000>, C4<0>, C4<0>, C4<0>;
v0x979052620_0 .net/2u *"_ivl_0", 4 0, L_0x9794780a0;  1 drivers
L_0x979478130 .functor BUFT 1, C4<00000>, C4<0>, C4<0>, C4<0>;
v0x9790526c0_0 .net/2u *"_ivl_10", 4 0, L_0x979478130;  1 drivers
v0x979052760_0 .net *"_ivl_12", 0 0, L_0x9790f1ea0;  1 drivers
v0x979052800_0 .net *"_ivl_15", 0 0, L_0x978cac3f0;  1 drivers
v0x9790528a0_0 .net *"_ivl_16", 31 0, L_0x9790f1f40;  1 drivers
v0x979052940_0 .net *"_ivl_18", 6 0, L_0x979075680;  1 drivers
v0x9790529e0_0 .net *"_ivl_2", 0 0, L_0x9790f1d60;  1 drivers
L_0x979478178 .functor BUFT 1, C4<00>, C4<0>, C4<0>, C4<0>;
v0x979052a80_0 .net *"_ivl_21", 1 0, L_0x979478178;  1 drivers
v0x979052b20_0 .net *"_ivl_22", 31 0, L_0x9790f1fe0;  1 drivers
L_0x9794781c0 .functor BUFT 1, C4<00000>, C4<0>, C4<0>, C4<0>;
v0x979052bc0_0 .net/2u *"_ivl_26", 4 0, L_0x9794781c0;  1 drivers
v0x979052c60_0 .net *"_ivl_28", 0 0, L_0x9790f2120;  1 drivers
L_0x979478208 .functor BUFT 1, C4<00000000000000000000000000000000>, C4<0>, C4<0>, C4<0>;
v0x979052d00_0 .net/2u *"_ivl_30", 31 0, L_0x979478208;  1 drivers
v0x979052da0_0 .net *"_ivl_32", 0 0, L_0x9790f21c0;  1 drivers
v0x979052e40_0 .net *"_ivl_35", 0 0, L_0x978cac460;  1 drivers
L_0x979478250 .functor BUFT 1, C4<00000>, C4<0>, C4<0>, C4<0>;
v0x979052ee0_0 .net/2u *"_ivl_36", 4 0, L_0x979478250;  1 drivers
v0x979052f80_0 .net *"_ivl_38", 0 0, L_0x9790f2260;  1 drivers
L_0x9794780e8 .functor BUFT 1, C4<00000000000000000000000000000000>, C4<0>, C4<0>, C4<0>;
v0x979053020_0 .net/2u *"_ivl_4", 31 0, L_0x9794780e8;  1 drivers
v0x9790530c0_0 .net *"_ivl_41", 0 0, L_0x978cac4d0;  1 drivers
v0x979053160_0 .net *"_ivl_42", 31 0, L_0x9790f2300;  1 drivers
v0x979053200_0 .net *"_ivl_44", 6 0, L_0x979075720;  1 drivers
L_0x979478298 .functor BUFT 1, C4<00>, C4<0>, C4<0>, C4<0>;
v0x9790532a0_0 .net *"_ivl_47", 1 0, L_0x979478298;  1 drivers
v0x979053340_0 .net *"_ivl_48", 31 0, L_0x9790f23a0;  1 drivers
v0x9790533e0_0 .net *"_ivl_6", 0 0, L_0x9790f1e00;  1 drivers
v0x979053480_0 .net *"_ivl_9", 0 0, L_0x978cac070;  1 drivers
v0x979053520_0 .net "clk", 0 0, o0x979444790;  alias, 0 drivers
v0x9790535c0_0 .var/i "i", 31 0;
v0x979053660_0 .net "rd", 4 0, L_0x9790b1c20;  1 drivers
v0x979053700_0 .net "read_data1", 31 0, L_0x9790f2080;  alias, 1 drivers
v0x9790537a0_0 .net "read_data2", 31 0, L_0x9790f2440;  alias, 1 drivers
v0x979053840 .array "registers", 31 0, 31 0;
v0x9790538e0_0 .net "reset", 0 0, o0x979447b50;  alias, 0 drivers
v0x979053980_0 .net "rs1", 4 0, L_0x9790b0aa0;  1 drivers
v0x979053a20_0 .net "rs2", 4 0, L_0x9790b0b40;  1 drivers
v0x979053ac0_0 .net "we", 0 0, v0x979051860_0;  alias, 1 drivers
v0x979053b60_0 .net "write_data", 31 0, L_0x9790f1ae0;  alias, 1 drivers
L_0x9790f1d60 .cmp/eq 5, L_0x9790b0aa0, L_0x9794780a0;
L_0x9790f1e00 .cmp/eq 5, L_0x9790b1c20, L_0x9790b0aa0;
L_0x9790f1ea0 .cmp/ne 5, L_0x9790b1c20, L_0x979478130;
L_0x9790f1f40 .array/port v0x979053840, L_0x979075680;
L_0x979075680 .concat [ 5 2 0 0], L_0x9790b0aa0, L_0x979478178;
L_0x9790f1fe0 .functor MUXZ 32, L_0x9790f1f40, L_0x9790f1ae0, L_0x978cac3f0, C4<>;
L_0x9790f2080 .functor MUXZ 32, L_0x9790f1fe0, L_0x9794780e8, L_0x9790f1d60, C4<>;
L_0x9790f2120 .cmp/eq 5, L_0x9790b0b40, L_0x9794781c0;
L_0x9790f21c0 .cmp/eq 5, L_0x9790b1c20, L_0x9790b0b40;
L_0x9790f2260 .cmp/ne 5, L_0x9790b1c20, L_0x979478250;
L_0x9790f2300 .array/port v0x979053840, L_0x979075720;
L_0x979075720 .concat [ 5 2 0 0], L_0x9790b0b40, L_0x979478298;
L_0x9790f23a0 .functor MUXZ 32, L_0x9790f2300, L_0x9790f1ae0, L_0x978cac4d0, C4<>;
L_0x9790f2440 .functor MUXZ 32, L_0x9790f23a0, L_0x979478208, L_0x9790f2120, C4<>;
S_0x102d957d0 .scope module, "cpu_pipeline_tb" "cpu_pipeline_tb" 13 3;
 .timescale -9 -12;
v0x9790f1860_0 .var "clk", 0 0;
v0x9790f1900_0 .var "reset", 0 0;
S_0x978cd0180 .scope module, "uut" "cpu_pipeline" 13 8, 14 3 0, S_0x102d957d0;
 .timescale -9 -12;
    .port_info 0 /INPUT 1 "clk";
    .port_info 1 /INPUT 1 "reset";
L_0x978cac620 .functor NOT 1, v0x9790e4320_0, C4<0>, C4<0>, C4<0>;
L_0x978cac8c0 .functor OR 1, L_0x978cac9a0, v0x9790e4320_0, C4<0>, C4<0>;
L_0x978cac930 .functor AND 1, v0x9790e7200_0, L_0x9790f3520, C4<1>, C4<1>;
L_0x978cac9a0 .functor OR 1, L_0x978cac930, v0x9790e7340_0, C4<0>, C4<0>;
L_0x979478328 .functor BUFT 1, C4<00000000000000000000000000000100>, C4<0>, C4<0>, C4<0>;
v0x9790ea800_0 .net/2u *"_ivl_0", 31 0, L_0x979478328;  1 drivers
v0x9790ea8a0_0 .net *"_ivl_15", 0 0, L_0x978cac930;  1 drivers
v0x9790ea940_0 .net "clk", 0 0, v0x9790f1860_0;  1 drivers
v0x9790ea9e0_0 .net "ex_alu_result", 31 0, v0x9790e1360_0;  1 drivers
v0x9790eaa80_0 .net "ex_branch_taken", 0 0, L_0x9790f3520;  1 drivers
v0x9790eab20_0 .net "ex_branch_target", 31 0, L_0x9790759a0;  1 drivers
v0x9790eabc0_0 .net "ex_mem_Branch", 0 0, v0x9790e2bc0_0;  1 drivers
v0x9790eac60_0 .net "ex_mem_Jump", 0 0, v0x9790e2d00_0;  1 drivers
v0x9790ead00_0 .net "ex_mem_MemRead", 0 0, v0x9790e2e40_0;  1 drivers
v0x9790eada0_0 .net "ex_mem_MemWrite", 0 0, v0x9790e2f80_0;  1 drivers
v0x9790eae40_0 .net "ex_mem_MemtoReg", 0 0, v0x9790e30c0_0;  1 drivers
v0x9790eaee0_0 .net "ex_mem_RegWrite", 0 0, v0x9790e3200_0;  1 drivers
v0x9790eaf80_0 .net "ex_mem_alu_result", 31 0, v0x9790e3340_0;  1 drivers
v0x9790eb020_0 .net "ex_mem_branch_taken", 0 0, v0x9790e3480_0;  1 drivers
v0x9790eb0c0_0 .net "ex_mem_branch_target", 31 0, v0x9790e35c0_0;  1 drivers
v0x9790eb160_0 .net "ex_mem_pc_plus4", 31 0, v0x9790e37a0_0;  1 drivers
v0x9790eb200_0 .net "ex_mem_rd", 4 0, v0x9790e38e0_0;  1 drivers
v0x9790eb2a0_0 .net "ex_mem_write_data", 31 0, v0x9790e3ac0_0;  1 drivers
v0x9790eb340_0 .net "ex_pc_plus4", 31 0, L_0x979075a40;  1 drivers
v0x9790eb3e0_0 .net "ex_store_data", 31 0, L_0x978c3e1b0;  1 drivers
v0x9790eb480_0 .net "ex_zero", 0 0, L_0x9790f3480;  1 drivers
v0x9790eb520_0 .net "forwardA", 1 0, v0x9790e3ca0_0;  1 drivers
v0x9790eb5c0_0 .net "forwardB", 1 0, v0x9790e3d40_0;  1 drivers
v0x9790eb660_0 .net "hazard_stall", 0 0, v0x9790e4320_0;  1 drivers
v0x9790eb700_0 .net "id_ALUOp", 1 0, v0x9790e43c0_0;  1 drivers
v0x9790eb7a0_0 .net "id_ALUSrc", 0 0, v0x9790e4460_0;  1 drivers
v0x9790eb840_0 .net "id_Branch", 0 0, v0x9790e4500_0;  1 drivers
v0x9790eb8e0_0 .net "id_Jump", 0 0, v0x9790e45a0_0;  1 drivers
v0x9790eb980_0 .net "id_MemRead", 0 0, v0x9790e4640_0;  1 drivers
v0x9790eba20_0 .net "id_MemWrite", 0 0, v0x9790e46e0_0;  1 drivers
v0x9790ebac0_0 .net "id_MemtoReg", 0 0, v0x9790e4780_0;  1 drivers
v0x9790ebb60_0 .net "id_RegWrite", 0 0, v0x9790e4820_0;  1 drivers
v0x9790ebc00_0 .net "id_ex_ALUOp", 1 0, v0x9790e6f80_0;  1 drivers
v0x9790ebca0_0 .net "id_ex_ALUSrc", 0 0, v0x9790e70c0_0;  1 drivers
v0x9790ebd40_0 .net "id_ex_Branch", 0 0, v0x9790e7200_0;  1 drivers
v0x9790ebde0_0 .net "id_ex_Jump", 0 0, v0x9790e7340_0;  1 drivers
v0x9790ebe80_0 .net "id_ex_MemRead", 0 0, v0x9790e7480_0;  1 drivers
v0x9790ebf20_0 .net "id_ex_MemWrite", 0 0, v0x9790e75c0_0;  1 drivers
v0x9790f0000_0 .net "id_ex_MemtoReg", 0 0, v0x9790e7700_0;  1 drivers
v0x9790f00a0_0 .net "id_ex_RegWrite", 0 0, v0x9790e7840_0;  1 drivers
v0x9790f0140_0 .net "id_ex_funct3", 2 0, v0x9790e7ac0_0;  1 drivers
v0x9790f01e0_0 .net "id_ex_funct7", 6 0, v0x9790e7c00_0;  1 drivers
v0x9790f0280_0 .net "id_ex_immediate", 31 0, v0x9790e7d40_0;  1 drivers
v0x9790f0320_0 .net "id_ex_pc", 31 0, v0x9790e7e80_0;  1 drivers
v0x9790f03c0_0 .net "id_ex_rd", 4 0, v0x9790e8000_0;  1 drivers
v0x9790f0460_0 .net "id_ex_read_data1", 31 0, v0x9790e8140_0;  1 drivers
v0x9790f0500_0 .net "id_ex_read_data2", 31 0, v0x9790e8280_0;  1 drivers
v0x9790f05a0_0 .net "id_ex_rs1", 4 0, v0x9790e8460_0;  1 drivers
v0x9790f0640_0 .net "id_ex_rs2", 4 0, v0x9790e85a0_0;  1 drivers
v0x9790f06e0_0 .net "id_funct3", 2 0, L_0x9790b2440;  1 drivers
v0x9790f0780_0 .net "id_funct7", 6 0, L_0x9790b24e0;  1 drivers
v0x9790f0820_0 .net "id_immediate", 31 0, v0x9790e4960_0;  1 drivers
v0x9790f08c0_0 .net "id_rd", 4 0, L_0x9790b23a0;  1 drivers
v0x9790f0960_0 .net "id_read_data1", 31 0, L_0x9790f2a80;  1 drivers
v0x9790f0a00_0 .net "id_read_data2", 31 0, L_0x9790f2e40;  1 drivers
v0x9790f0aa0_0 .net "id_rs1", 4 0, L_0x9790b2260;  1 drivers
v0x9790f0b40_0 .net "id_rs2", 4 0, L_0x9790b2300;  1 drivers
v0x9790f0be0_0 .net "if_id_instruction", 31 0, v0x9790e8820_0;  1 drivers
v0x9790f0c80_0 .net "if_id_pc", 31 0, v0x9790e8960_0;  1 drivers
v0x9790f0d20_0 .net "if_id_rs1", 4 0, L_0x9790b1ea0;  1 drivers
v0x9790f0dc0_0 .net "if_id_rs2", 4 0, L_0x9790b1f40;  1 drivers
v0x9790f0e60_0 .net "if_pc_plus4", 31 0, L_0x9790757c0;  1 drivers
v0x9790f0f00_0 .net "instruction", 31 0, L_0x978c3e140;  1 drivers
v0x9790f0fa0_0 .net "mem_read_data", 31 0, v0x9790e9180_0;  1 drivers
v0x9790f1040_0 .net "mem_wb_Jump", 0 0, v0x9790e9720_0;  1 drivers
v0x9790f10e0_0 .net "mem_wb_MemtoReg", 0 0, v0x9790e9860_0;  1 drivers
v0x9790f1180_0 .net "mem_wb_RegWrite", 0 0, v0x9790e99a0_0;  1 drivers
v0x9790f1220_0 .net "mem_wb_alu_result", 31 0, v0x9790e9ae0_0;  1 drivers
v0x9790f12c0_0 .net "mem_wb_pc_plus4", 31 0, v0x9790e9cc0_0;  1 drivers
v0x9790f1360_0 .net "mem_wb_rd", 4 0, v0x9790e9e00_0;  1 drivers
v0x9790f1400_0 .net "mem_wb_read_data", 31 0, v0x9790e9f40_0;  1 drivers
v0x9790f14a0_0 .net "next_pc", 31 0, L_0x9790f2620;  1 drivers
v0x9790f1540_0 .net "pc", 31 0, v0x9790ea1c0_0;  1 drivers
v0x9790f15e0_0 .net "pc_write", 0 0, L_0x978cac620;  1 drivers
v0x9790f1680_0 .net "pipeline_flush", 0 0, L_0x978cac9a0;  1 drivers
v0x9790f1720_0 .net "reset", 0 0, v0x9790f1900_0;  1 drivers
v0x9790f17c0_0 .net "wb_write_back_data", 31 0, L_0x9790f3660;  1 drivers
L_0x9790757c0 .arith/sum 32, v0x9790ea1c0_0, L_0x979478328;
L_0x9790f2620 .functor MUXZ 32, L_0x9790757c0, L_0x9790759a0, L_0x978cac9a0, C4<>;
L_0x9790b1ea0 .part v0x9790e8820_0, 15, 5;
L_0x9790b1f40 .part v0x9790e8820_0, 20, 5;
S_0x978cd0300 .scope module, "EX" "ex_stage" 14 239, 15 3 0, S_0x978cd0180;
 .timescale -9 -12;
    .port_info 0 /INPUT 32 "read_data1";
    .port_info 1 /INPUT 32 "read_data2";
    .port_info 2 /INPUT 32 "immediate";
    .port_info 3 /INPUT 32 "pc";
    .port_info 4 /INPUT 3 "funct3";
    .port_info 5 /INPUT 7 "funct7";
    .port_info 6 /INPUT 1 "ALUSrc";
    .port_info 7 /INPUT 2 "ALUOp";
    .port_info 8 /INPUT 2 "forwardA";
    .port_info 9 /INPUT 2 "forwardB";
    .port_info 10 /INPUT 32 "ex_mem_alu_result";
    .port_info 11 /INPUT 32 "wb_write_back_data";
    .port_info 12 /OUTPUT 32 "alu_result";
    .port_info 13 /OUTPUT 1 "zero";
    .port_info 14 /OUTPUT 1 "branch_taken";
    .port_info 15 /OUTPUT 32 "branch_target";
    .port_info 16 /OUTPUT 32 "store_data";
    .port_info 17 /OUTPUT 32 "pc_plus4";
L_0x978c3e1b0 .functor BUFZ 32, L_0x9790f3340, C4<00000000000000000000000000000000>, C4<00000000000000000000000000000000>, C4<00000000000000000000000000000000>;
v0x9790e1680_0 .net "ALUOp", 1 0, v0x9790e6f80_0;  alias, 1 drivers
v0x9790e1720_0 .net "ALUSrc", 0 0, v0x9790e70c0_0;  alias, 1 drivers
L_0x9794785b0 .functor BUFT 1, C4<10>, C4<0>, C4<0>, C4<0>;
v0x9790e17c0_0 .net/2u *"_ivl_0", 1 0, L_0x9794785b0;  1 drivers
L_0x979478640 .functor BUFT 1, C4<10>, C4<0>, C4<0>, C4<0>;
v0x9790e1860_0 .net/2u *"_ivl_12", 1 0, L_0x979478640;  1 drivers
v0x9790e1900_0 .net *"_ivl_14", 0 0, L_0x9790f3160;  1 drivers
L_0x979478688 .functor BUFT 1, C4<01>, C4<0>, C4<0>, C4<0>;
v0x9790e19a0_0 .net/2u *"_ivl_16", 1 0, L_0x979478688;  1 drivers
v0x9790e1a40_0 .net *"_ivl_18", 0 0, L_0x9790f3200;  1 drivers
v0x9790e1ae0_0 .net *"_ivl_2", 0 0, L_0x9790f2ee0;  1 drivers
v0x9790e1b80_0 .net *"_ivl_20", 31 0, L_0x9790f32a0;  1 drivers
L_0x9794786d0 .functor BUFT 1, C4<00000000000000000000000000000100>, C4<0>, C4<0>, C4<0>;
v0x9790e1c20_0 .net/2u *"_ivl_30", 31 0, L_0x9794786d0;  1 drivers
L_0x9794785f8 .functor BUFT 1, C4<01>, C4<0>, C4<0>, C4<0>;
v0x9790e1cc0_0 .net/2u *"_ivl_4", 1 0, L_0x9794785f8;  1 drivers
v0x9790e1d60_0 .net *"_ivl_6", 0 0, L_0x9790f2f80;  1 drivers
v0x9790e1e00_0 .net *"_ivl_8", 31 0, L_0x9790f3020;  1 drivers
v0x9790e1ea0_0 .net "alu_ctrl", 3 0, v0x9790e0e60_0;  1 drivers
v0x9790e1f40_0 .net "alu_result", 31 0, v0x9790e1360_0;  alias, 1 drivers
v0x9790e1fe0_0 .net "branch_taken", 0 0, L_0x9790f3520;  alias, 1 drivers
v0x9790e2080_0 .net "branch_target", 31 0, L_0x9790759a0;  alias, 1 drivers
v0x9790e2120_0 .net "ex_mem_alu_result", 31 0, v0x9790e3340_0;  alias, 1 drivers
v0x9790e21c0_0 .net "forwardA", 1 0, v0x9790e3ca0_0;  alias, 1 drivers
v0x9790e2260_0 .net "forwardB", 1 0, v0x9790e3d40_0;  alias, 1 drivers
v0x9790e2300_0 .net "funct3", 2 0, v0x9790e7ac0_0;  alias, 1 drivers
v0x9790e23a0_0 .net "funct7", 6 0, v0x9790e7c00_0;  alias, 1 drivers
v0x9790e2440_0 .net "immediate", 31 0, v0x9790e7d40_0;  alias, 1 drivers
v0x9790e24e0_0 .net "operand1", 31 0, L_0x9790f30c0;  1 drivers
v0x9790e2580_0 .net "operand2", 31 0, L_0x9790f33e0;  1 drivers
v0x9790e2620_0 .net "operand2_base", 31 0, L_0x9790f3340;  1 drivers
v0x9790e26c0_0 .net "pc", 31 0, v0x9790e7e80_0;  alias, 1 drivers
v0x9790e2760_0 .net "pc_plus4", 31 0, L_0x979075a40;  alias, 1 drivers
v0x9790e2800_0 .net "read_data1", 31 0, v0x9790e8140_0;  alias, 1 drivers
v0x9790e28a0_0 .net "read_data2", 31 0, v0x9790e8280_0;  alias, 1 drivers
v0x9790e2940_0 .net "store_data", 31 0, L_0x978c3e1b0;  alias, 1 drivers
v0x9790e29e0_0 .net "wb_write_back_data", 31 0, L_0x9790f3660;  alias, 1 drivers
v0x9790e2a80_0 .net "zero", 0 0, L_0x9790f3480;  alias, 1 drivers
L_0x9790f2ee0 .cmp/eq 2, v0x9790e3ca0_0, L_0x9794785b0;
L_0x9790f2f80 .cmp/eq 2, v0x9790e3ca0_0, L_0x9794785f8;
L_0x9790f3020 .functor MUXZ 32, v0x9790e8140_0, L_0x9790f3660, L_0x9790f2f80, C4<>;
L_0x9790f30c0 .functor MUXZ 32, L_0x9790f3020, v0x9790e3340_0, L_0x9790f2ee0, C4<>;
L_0x9790f3160 .cmp/eq 2, v0x9790e3d40_0, L_0x979478640;
L_0x9790f3200 .cmp/eq 2, v0x9790e3d40_0, L_0x979478688;
L_0x9790f32a0 .functor MUXZ 32, v0x9790e8280_0, L_0x9790f3660, L_0x9790f3200, C4<>;
L_0x9790f3340 .functor MUXZ 32, L_0x9790f32a0, v0x9790e3340_0, L_0x9790f3160, C4<>;
L_0x9790f33e0 .functor MUXZ 32, L_0x9790f3340, v0x9790e7d40_0, v0x9790e70c0_0, C4<>;
L_0x9790759a0 .arith/sum 32, v0x9790e7e80_0, v0x9790e7d40_0;
L_0x979075a40 .arith/sum 32, v0x9790e7e80_0, L_0x9794786d0;
S_0x978cd0480 .scope module, "alu_ctrl_unit" "alu_control" 15 64, 4 3 0, S_0x978cd0300;
 .timescale -9 -12;
    .port_info 0 /INPUT 2 "ALUOp";
    .port_info 1 /INPUT 3 "funct3";
    .port_info 2 /INPUT 7 "funct7";
    .port_info 3 /OUTPUT 4 "ALUCtrl";
v0x9790e0e60_0 .var "ALUCtrl", 3 0;
v0x9790e0f00_0 .net "ALUOp", 1 0, v0x9790e6f80_0;  alias, 1 drivers
v0x9790e0fa0_0 .net "funct3", 2 0, v0x9790e7ac0_0;  alias, 1 drivers
v0x9790e1040_0 .net "funct7", 6 0, v0x9790e7c00_0;  alias, 1 drivers
E_0x978c767c0 .event anyedge, v0x9790e0f00_0, v0x9790e0fa0_0, v0x9790e1040_0;
S_0x978cd0600 .scope module, "alu_unit" "alu" 15 78, 5 2 0, S_0x978cd0300;
 .timescale -9 -12;
    .port_info 0 /INPUT 32 "a";
    .port_info 1 /INPUT 32 "b";
    .port_info 2 /INPUT 4 "alu_control";
    .port_info 3 /OUTPUT 32 "result";
    .port_info 4 /OUTPUT 1 "zero";
L_0x979478718 .functor BUFT 1, C4<00000000000000000000000000000000>, C4<0>, C4<0>, C4<0>;
v0x9790e10e0_0 .net/2u *"_ivl_0", 31 0, L_0x979478718;  1 drivers
v0x9790e1180_0 .net "a", 31 0, L_0x9790f30c0;  alias, 1 drivers
v0x9790e1220_0 .net "alu_control", 3 0, v0x9790e0e60_0;  alias, 1 drivers
v0x9790e12c0_0 .net "b", 31 0, L_0x9790f33e0;  alias, 1 drivers
v0x9790e1360_0 .var "result", 31 0;
v0x9790e1400_0 .net "zero", 0 0, L_0x9790f3480;  alias, 1 drivers
E_0x978c76800 .event anyedge, v0x9790e0e60_0, v0x9790e1180_0, v0x9790e12c0_0;
L_0x9790f3480 .cmp/eq 32, v0x9790e1360_0, L_0x979478718;
S_0x978cd0780 .scope module, "bc" "branch_comparator" 15 96, 6 3 0, S_0x978cd0300;
 .timescale -9 -12;
    .port_info 0 /INPUT 32 "rs1_data";
    .port_info 1 /INPUT 32 "rs2_data";
    .port_info 2 /OUTPUT 1 "branch_taken";
v0x9790e14a0_0 .net "branch_taken", 0 0, L_0x9790f3520;  alias, 1 drivers
v0x9790e1540_0 .net "rs1_data", 31 0, L_0x9790f30c0;  alias, 1 drivers
v0x9790e15e0_0 .net "rs2_data", 31 0, L_0x9790f3340;  alias, 1 drivers
L_0x9790f3520 .cmp/eq 32, L_0x9790f30c0, L_0x9790f3340;
S_0x978cd0900 .scope module, "EX_MEM" "ex_mem_register" 14 272, 16 3 0, S_0x978cd0180;
 .timescale -9 -12;
    .port_info 0 /INPUT 1 "clk";
    .port_info 1 /INPUT 1 "reset";
    .port_info 2 /INPUT 32 "alu_result_in";
    .port_info 3 /INPUT 32 "write_data_in";
    .port_info 4 /INPUT 5 "rd_in";
    .port_info 5 /INPUT 32 "branch_target_in";
    .port_info 6 /INPUT 1 "branch_taken_in";
    .port_info 7 /INPUT 32 "pc_plus4_in";
    .port_info 8 /INPUT 1 "RegWrite_in";
    .port_info 9 /INPUT 1 "MemRead_in";
    .port_info 10 /INPUT 1 "MemWrite_in";
    .port_info 11 /INPUT 1 "MemtoReg_in";
    .port_info 12 /INPUT 1 "Branch_in";
    .port_info 13 /INPUT 1 "Jump_in";
    .port_info 14 /OUTPUT 32 "alu_result_out";
    .port_info 15 /OUTPUT 32 "write_data_out";
    .port_info 16 /OUTPUT 5 "rd_out";
    .port_info 17 /OUTPUT 32 "branch_target_out";
    .port_info 18 /OUTPUT 1 "branch_taken_out";
    .port_info 19 /OUTPUT 32 "pc_plus4_out";
    .port_info 20 /OUTPUT 1 "RegWrite_out";
    .port_info 21 /OUTPUT 1 "MemRead_out";
    .port_info 22 /OUTPUT 1 "MemWrite_out";
    .port_info 23 /OUTPUT 1 "MemtoReg_out";
    .port_info 24 /OUTPUT 1 "Branch_out";
    .port_info 25 /OUTPUT 1 "Jump_out";
v0x9790e2b20_0 .net "Branch_in", 0 0, v0x9790e7200_0;  alias, 1 drivers
v0x9790e2bc0_0 .var "Branch_out", 0 0;
v0x9790e2c60_0 .net "Jump_in", 0 0, v0x9790e7340_0;  alias, 1 drivers
v0x9790e2d00_0 .var "Jump_out", 0 0;
v0x9790e2da0_0 .net "MemRead_in", 0 0, v0x9790e7480_0;  alias, 1 drivers
v0x9790e2e40_0 .var "MemRead_out", 0 0;
v0x9790e2ee0_0 .net "MemWrite_in", 0 0, v0x9790e75c0_0;  alias, 1 drivers
v0x9790e2f80_0 .var "MemWrite_out", 0 0;
v0x9790e3020_0 .net "MemtoReg_in", 0 0, v0x9790e7700_0;  alias, 1 drivers
v0x9790e30c0_0 .var "MemtoReg_out", 0 0;
v0x9790e3160_0 .net "RegWrite_in", 0 0, v0x9790e7840_0;  alias, 1 drivers
v0x9790e3200_0 .var "RegWrite_out", 0 0;
v0x9790e32a0_0 .net "alu_result_in", 31 0, v0x9790e1360_0;  alias, 1 drivers
v0x9790e3340_0 .var "alu_result_out", 31 0;
v0x9790e33e0_0 .net "branch_taken_in", 0 0, L_0x9790f3520;  alias, 1 drivers
v0x9790e3480_0 .var "branch_taken_out", 0 0;
v0x9790e3520_0 .net "branch_target_in", 31 0, L_0x9790759a0;  alias, 1 drivers
v0x9790e35c0_0 .var "branch_target_out", 31 0;
v0x9790e3660_0 .net "clk", 0 0, v0x9790f1860_0;  alias, 1 drivers
v0x9790e3700_0 .net "pc_plus4_in", 31 0, L_0x979075a40;  alias, 1 drivers
v0x9790e37a0_0 .var "pc_plus4_out", 31 0;
v0x9790e3840_0 .net "rd_in", 4 0, v0x9790e8000_0;  alias, 1 drivers
v0x9790e38e0_0 .var "rd_out", 4 0;
v0x9790e3980_0 .net "reset", 0 0, v0x9790f1900_0;  alias, 1 drivers
v0x9790e3a20_0 .net "write_data_in", 31 0, L_0x978c3e1b0;  alias, 1 drivers
v0x9790e3ac0_0 .var "write_data_out", 31 0;
E_0x978c768c0 .event posedge, v0x9790e3980_0, v0x9790e3660_0;
S_0x978cd0a80 .scope module, "FU" "forwarding_unit" 14 221, 17 5 0, S_0x978cd0180;
 .timescale -9 -12;
    .port_info 0 /INPUT 5 "id_ex_rs1";
    .port_info 1 /INPUT 5 "id_ex_rs2";
    .port_info 2 /INPUT 5 "ex_mem_rd";
    .port_info 3 /INPUT 1 "ex_mem_regwrite";
    .port_info 4 /INPUT 5 "mem_wb_rd";
    .port_info 5 /INPUT 1 "mem_wb_regwrite";
    .port_info 6 /OUTPUT 2 "forwardA";
    .port_info 7 /OUTPUT 2 "forwardB";
v0x9790e3b60_0 .net "ex_mem_rd", 4 0, v0x9790e38e0_0;  alias, 1 drivers
v0x9790e3c00_0 .net "ex_mem_regwrite", 0 0, v0x9790e3200_0;  alias, 1 drivers
v0x9790e3ca0_0 .var "forwardA", 1 0;
v0x9790e3d40_0 .var "forwardB", 1 0;
v0x9790e3de0_0 .net "id_ex_rs1", 4 0, v0x9790e8460_0;  alias, 1 drivers
v0x9790e3e80_0 .net "id_ex_rs2", 4 0, v0x9790e85a0_0;  alias, 1 drivers
v0x9790e3f20_0 .net "mem_wb_rd", 4 0, v0x9790e9e00_0;  alias, 1 drivers
v0x9790e4000_0 .net "mem_wb_regwrite", 0 0, v0x9790e99a0_0;  alias, 1 drivers
E_0x978c76980/0 .event anyedge, v0x9790e3200_0, v0x9790e38e0_0, v0x9790e3de0_0, v0x9790e4000_0;
E_0x978c76980/1 .event anyedge, v0x9790e3f20_0, v0x9790e3e80_0;
E_0x978c76980 .event/or E_0x978c76980/0, E_0x978c76980/1;
S_0x978cd0c00 .scope module, "HDU" "hazard_detection_unit" 14 155, 18 7 0, S_0x978cd0180;
 .timescale -9 -12;
    .port_info 0 /INPUT 1 "id_ex_memread";
    .port_info 1 /INPUT 5 "id_ex_rd";
    .port_info 2 /INPUT 5 "if_id_rs1";
    .port_info 3 /INPUT 5 "if_id_rs2";
    .port_info 4 /OUTPUT 1 "stall";
v0x9790e40a0_0 .net "id_ex_memread", 0 0, v0x9790e7480_0;  alias, 1 drivers
v0x9790e4140_0 .net "id_ex_rd", 4 0, v0x9790e8000_0;  alias, 1 drivers
v0x9790e41e0_0 .net "if_id_rs1", 4 0, L_0x9790b1ea0;  alias, 1 drivers
v0x9790e4280_0 .net "if_id_rs2", 4 0, L_0x9790b1f40;  alias, 1 drivers
v0x9790e4320_0 .var "stall", 0 0;
E_0x978c769c0 .event anyedge, v0x9790e2da0_0, v0x9790e3840_0, v0x9790e41e0_0, v0x9790e4280_0;
S_0x978cd0d80 .scope module, "ID" "id_stage" 14 118, 19 3 0, S_0x978cd0180;
 .timescale -9 -12;
    .port_info 0 /INPUT 1 "clk";
    .port_info 1 /INPUT 1 "reset";
    .port_info 2 /INPUT 32 "instruction";
    .port_info 3 /INPUT 32 "write_data";
    .port_info 4 /INPUT 5 "write_reg";
    .port_info 5 /INPUT 1 "reg_write";
    .port_info 6 /OUTPUT 32 "read_data1";
    .port_info 7 /OUTPUT 32 "read_data2";
    .port_info 8 /OUTPUT 32 "immediate";
    .port_info 9 /OUTPUT 5 "rs1";
    .port_info 10 /OUTPUT 5 "rs2";
    .port_info 11 /OUTPUT 5 "rd";
    .port_info 12 /OUTPUT 3 "funct3";
    .port_info 13 /OUTPUT 7 "funct7";
    .port_info 14 /OUTPUT 1 "RegWrite";
    .port_info 15 /OUTPUT 1 "ALUSrc";
    .port_info 16 /OUTPUT 1 "MemRead";
    .port_info 17 /OUTPUT 1 "MemWrite";
    .port_info 18 /OUTPUT 1 "MemtoReg";
    .port_info 19 /OUTPUT 1 "Branch";
    .port_info 20 /OUTPUT 1 "Jump";
    .port_info 21 /OUTPUT 2 "ALUOp";
v0x9790e6120_0 .net "ALUOp", 1 0, v0x9790e43c0_0;  alias, 1 drivers
v0x9790e61c0_0 .net "ALUSrc", 0 0, v0x9790e4460_0;  alias, 1 drivers
v0x9790e6260_0 .net "Branch", 0 0, v0x9790e4500_0;  alias, 1 drivers
v0x9790e6300_0 .net "Jump", 0 0, v0x9790e45a0_0;  alias, 1 drivers
v0x9790e63a0_0 .net "MemRead", 0 0, v0x9790e4640_0;  alias, 1 drivers
v0x9790e6440_0 .net "MemWrite", 0 0, v0x9790e46e0_0;  alias, 1 drivers
v0x9790e64e0_0 .net "MemtoReg", 0 0, v0x9790e4780_0;  alias, 1 drivers
v0x9790e6580_0 .net "RegWrite", 0 0, v0x9790e4820_0;  alias, 1 drivers
v0x9790e6620_0 .net "clk", 0 0, v0x9790f1860_0;  alias, 1 drivers
v0x9790e66c0_0 .net "funct3", 2 0, L_0x9790b2440;  alias, 1 drivers
v0x9790e6760_0 .net "funct7", 6 0, L_0x9790b24e0;  alias, 1 drivers
v0x9790e6800_0 .net "immediate", 31 0, v0x9790e4960_0;  alias, 1 drivers
v0x9790e68a0_0 .net "instruction", 31 0, v0x9790e8820_0;  alias, 1 drivers
v0x9790e6940_0 .net "rd", 4 0, L_0x9790b23a0;  alias, 1 drivers
v0x9790e69e0_0 .net "read_data1", 31 0, L_0x9790f2a80;  alias, 1 drivers
v0x9790e6a80_0 .net "read_data2", 31 0, L_0x9790f2e40;  alias, 1 drivers
v0x9790e6b20_0 .net "reg_write", 0 0, v0x9790e99a0_0;  alias, 1 drivers
v0x9790e6bc0_0 .net "reset", 0 0, v0x9790f1900_0;  alias, 1 drivers
v0x9790e6c60_0 .net "rs1", 4 0, L_0x9790b2260;  alias, 1 drivers
v0x9790e6d00_0 .net "rs2", 4 0, L_0x9790b2300;  alias, 1 drivers
v0x9790e6da0_0 .net "write_data", 31 0, L_0x9790f3660;  alias, 1 drivers
v0x9790e6e40_0 .net "write_reg", 4 0, v0x9790e9e00_0;  alias, 1 drivers
L_0x9790b1fe0 .part v0x9790e8820_0, 15, 5;
L_0x9790b2080 .part v0x9790e8820_0, 20, 5;
L_0x9790b2120 .part v0x9790e8820_0, 0, 7;
L_0x9790b2260 .part v0x9790e8820_0, 15, 5;
L_0x9790b2300 .part v0x9790e8820_0, 20, 5;
L_0x9790b23a0 .part v0x9790e8820_0, 7, 5;
L_0x9790b2440 .part v0x9790e8820_0, 12, 3;
L_0x9790b24e0 .part v0x9790e8820_0, 25, 7;
S_0x978cd0f00 .scope module, "cu" "control_unit" 19 55, 7 3 0, S_0x978cd0d80;
 .timescale -9 -12;
    .port_info 0 /INPUT 7 "opcode";
    .port_info 1 /OUTPUT 1 "RegWrite";
    .port_info 2 /OUTPUT 1 "ALUSrc";
    .port_info 3 /OUTPUT 1 "MemRead";
    .port_info 4 /OUTPUT 1 "MemWrite";
    .port_info 5 /OUTPUT 1 "MemtoReg";
    .port_info 6 /OUTPUT 1 "Branch";
    .port_info 7 /OUTPUT 1 "Jump";
    .port_info 8 /OUTPUT 2 "ALUOp";
v0x9790e43c0_0 .var "ALUOp", 1 0;
v0x9790e4460_0 .var "ALUSrc", 0 0;
v0x9790e4500_0 .var "Branch", 0 0;
v0x9790e45a0_0 .var "Jump", 0 0;
v0x9790e4640_0 .var "MemRead", 0 0;
v0x9790e46e0_0 .var "MemWrite", 0 0;
v0x9790e4780_0 .var "MemtoReg", 0 0;
v0x9790e4820_0 .var "RegWrite", 0 0;
v0x9790e48c0_0 .net "opcode", 6 0, L_0x9790b2120;  1 drivers
E_0x978c76a00 .event anyedge, v0x9790e48c0_0;
S_0x978cd1080 .scope module, "ig" "immediate_generator" 19 70, 10 3 0, S_0x978cd0d80;
 .timescale -9 -12;
    .port_info 0 /INPUT 32 "instruction";
    .port_info 1 /OUTPUT 32 "immediate";
v0x9790e4960_0 .var "immediate", 31 0;
v0x9790e4a00_0 .net "instruction", 31 0, v0x9790e8820_0;  alias, 1 drivers
v0x9790e4aa0_0 .net "opcode", 6 0, L_0x9790b21c0;  1 drivers
E_0x978c76a80 .event anyedge, v0x9790e4aa0_0, v0x9790e4a00_0;
L_0x9790b21c0 .part v0x9790e8820_0, 0, 7;
S_0x978cd1200 .scope module, "rf" "register_file" 19 38, 12 2 0, S_0x978cd0d80;
 .timescale -9 -12;
    .port_info 0 /INPUT 1 "clk";
    .port_info 1 /INPUT 1 "we";
    .port_info 2 /INPUT 1 "reset";
    .port_info 3 /INPUT 5 "rs1";
    .port_info 4 /INPUT 5 "rs2";
    .port_info 5 /INPUT 5 "rd";
    .port_info 6 /INPUT 32 "write_data";
    .port_info 7 /OUTPUT 32 "read_data1";
    .port_info 8 /OUTPUT 32 "read_data2";
L_0x978cac690 .functor AND 1, v0x9790e99a0_0, L_0x9790f2800, C4<1>, C4<1>;
L_0x978cac700 .functor AND 1, L_0x978cac690, L_0x9790f28a0, C4<1>, C4<1>;
L_0x978cac770 .functor AND 1, v0x9790e99a0_0, L_0x9790f2bc0, C4<1>, C4<1>;
L_0x978cac7e0 .functor AND 1, L_0x978cac770, L_0x9790f2c60, C4<1>, C4<1>;
L_0x979478370 .functor BUFT 1, C4<00000>, C4<0>, C4<0>, C4<0>;
v0x9790e4b40_0 .net/2u *"_ivl_0", 4 0, L_0x979478370;  1 drivers
L_0x979478400 .functor BUFT 1, C4<00000>, C4<0>, C4<0>, C4<0>;
v0x9790e4be0_0 .net/2u *"_ivl_10", 4 0, L_0x979478400;  1 drivers
v0x9790e4c80_0 .net *"_ivl_12", 0 0, L_0x9790f28a0;  1 drivers
v0x9790e4d20_0 .net *"_ivl_15", 0 0, L_0x978cac700;  1 drivers
v0x9790e4dc0_0 .net *"_ivl_16", 31 0, L_0x9790f2940;  1 drivers
v0x9790e4e60_0 .net *"_ivl_18", 6 0, L_0x979075860;  1 drivers
v0x9790e4f00_0 .net *"_ivl_2", 0 0, L_0x9790f2760;  1 drivers
L_0x979478448 .functor BUFT 1, C4<00>, C4<0>, C4<0>, C4<0>;
v0x9790e4fa0_0 .net *"_ivl_21", 1 0, L_0x979478448;  1 drivers
v0x9790e5040_0 .net *"_ivl_22", 31 0, L_0x9790f29e0;  1 drivers
L_0x979478490 .functor BUFT 1, C4<00000>, C4<0>, C4<0>, C4<0>;
v0x9790e50e0_0 .net/2u *"_ivl_26", 4 0, L_0x979478490;  1 drivers
v0x9790e5180_0 .net *"_ivl_28", 0 0, L_0x9790f2b20;  1 drivers
L_0x9794784d8 .functor BUFT 1, C4<00000000000000000000000000000000>, C4<0>, C4<0>, C4<0>;
v0x9790e5220_0 .net/2u *"_ivl_30", 31 0, L_0x9794784d8;  1 drivers
v0x9790e52c0_0 .net *"_ivl_32", 0 0, L_0x9790f2bc0;  1 drivers
v0x9790e5360_0 .net *"_ivl_35", 0 0, L_0x978cac770;  1 drivers
L_0x979478520 .functor BUFT 1, C4<00000>, C4<0>, C4<0>, C4<0>;
v0x9790e5400_0 .net/2u *"_ivl_36", 4 0, L_0x979478520;  1 drivers
v0x9790e54a0_0 .net *"_ivl_38", 0 0, L_0x9790f2c60;  1 drivers
L_0x9794783b8 .functor BUFT 1, C4<00000000000000000000000000000000>, C4<0>, C4<0>, C4<0>;
v0x9790e5540_0 .net/2u *"_ivl_4", 31 0, L_0x9794783b8;  1 drivers
v0x9790e55e0_0 .net *"_ivl_41", 0 0, L_0x978cac7e0;  1 drivers
v0x9790e5680_0 .net *"_ivl_42", 31 0, L_0x9790f2d00;  1 drivers
v0x9790e5720_0 .net *"_ivl_44", 6 0, L_0x979075900;  1 drivers
L_0x979478568 .functor BUFT 1, C4<00>, C4<0>, C4<0>, C4<0>;
v0x9790e57c0_0 .net *"_ivl_47", 1 0, L_0x979478568;  1 drivers
v0x9790e5860_0 .net *"_ivl_48", 31 0, L_0x9790f2da0;  1 drivers
v0x9790e5900_0 .net *"_ivl_6", 0 0, L_0x9790f2800;  1 drivers
v0x9790e59a0_0 .net *"_ivl_9", 0 0, L_0x978cac690;  1 drivers
v0x9790e5a40_0 .net "clk", 0 0, v0x9790f1860_0;  alias, 1 drivers
v0x9790e5ae0_0 .var/i "i", 31 0;
v0x9790e5b80_0 .net "rd", 4 0, v0x9790e9e00_0;  alias, 1 drivers
v0x9790e5c20_0 .net "read_data1", 31 0, L_0x9790f2a80;  alias, 1 drivers
v0x9790e5cc0_0 .net "read_data2", 31 0, L_0x9790f2e40;  alias, 1 drivers
v0x9790e5d60 .array "registers", 31 0, 31 0;
v0x9790e5e00_0 .net "reset", 0 0, v0x9790f1900_0;  alias, 1 drivers
v0x9790e5ea0_0 .net "rs1", 4 0, L_0x9790b1fe0;  1 drivers
v0x9790e5f40_0 .net "rs2", 4 0, L_0x9790b2080;  1 drivers
v0x9790e5fe0_0 .net "we", 0 0, v0x9790e99a0_0;  alias, 1 drivers
v0x9790e6080_0 .net "write_data", 31 0, L_0x9790f3660;  alias, 1 drivers
L_0x9790f2760 .cmp/eq 5, L_0x9790b1fe0, L_0x979478370;
L_0x9790f2800 .cmp/eq 5, v0x9790e9e00_0, L_0x9790b1fe0;
L_0x9790f28a0 .cmp/ne 5, v0x9790e9e00_0, L_0x979478400;
L_0x9790f2940 .array/port v0x9790e5d60, L_0x979075860;
L_0x979075860 .concat [ 5 2 0 0], L_0x9790b1fe0, L_0x979478448;
L_0x9790f29e0 .functor MUXZ 32, L_0x9790f2940, L_0x9790f3660, L_0x978cac700, C4<>;
L_0x9790f2a80 .functor MUXZ 32, L_0x9790f29e0, L_0x9794783b8, L_0x9790f2760, C4<>;
L_0x9790f2b20 .cmp/eq 5, L_0x9790b2080, L_0x979478490;
L_0x9790f2bc0 .cmp/eq 5, v0x9790e9e00_0, L_0x9790b2080;
L_0x9790f2c60 .cmp/ne 5, v0x9790e9e00_0, L_0x979478520;
L_0x9790f2d00 .array/port v0x9790e5d60, L_0x979075900;
L_0x979075900 .concat [ 5 2 0 0], L_0x9790b2080, L_0x979478568;
L_0x9790f2da0 .functor MUXZ 32, L_0x9790f2d00, L_0x9790f3660, L_0x978cac7e0, C4<>;
L_0x9790f2e40 .functor MUXZ 32, L_0x9790f2da0, L_0x9794784d8, L_0x9790f2b20, C4<>;
S_0x978cd1380 .scope module, "ID_EX" "id_ex_register" 14 169, 20 3 0, S_0x978cd0180;
 .timescale -9 -12;
    .port_info 0 /INPUT 1 "clk";
    .port_info 1 /INPUT 1 "reset";
    .port_info 2 /INPUT 1 "flush";
    .port_info 3 /INPUT 32 "pc_in";
    .port_info 4 /INPUT 32 "read_data1_in";
    .port_info 5 /INPUT 32 "read_data2_in";
    .port_info 6 /INPUT 32 "immediate_in";
    .port_info 7 /INPUT 5 "rs1_in";
    .port_info 8 /INPUT 5 "rs2_in";
    .port_info 9 /INPUT 5 "rd_in";
    .port_info 10 /INPUT 3 "funct3_in";
    .port_info 11 /INPUT 7 "funct7_in";
    .port_info 12 /INPUT 1 "RegWrite_in";
    .port_info 13 /INPUT 1 "ALUSrc_in";
    .port_info 14 /INPUT 1 "MemRead_in";
    .port_info 15 /INPUT 1 "MemWrite_in";
    .port_info 16 /INPUT 1 "MemtoReg_in";
    .port_info 17 /INPUT 1 "Branch_in";
    .port_info 18 /INPUT 1 "Jump_in";
    .port_info 19 /INPUT 2 "ALUOp_in";
    .port_info 20 /OUTPUT 32 "pc_out";
    .port_info 21 /OUTPUT 32 "read_data1_out";
    .port_info 22 /OUTPUT 32 "read_data2_out";
    .port_info 23 /OUTPUT 32 "immediate_out";
    .port_info 24 /OUTPUT 5 "rs1_out";
    .port_info 25 /OUTPUT 5 "rs2_out";
    .port_info 26 /OUTPUT 5 "rd_out";
    .port_info 27 /OUTPUT 3 "funct3_out";
    .port_info 28 /OUTPUT 7 "funct7_out";
    .port_info 29 /OUTPUT 1 "RegWrite_out";
    .port_info 30 /OUTPUT 1 "ALUSrc_out";
    .port_info 31 /OUTPUT 1 "MemRead_out";
    .port_info 32 /OUTPUT 1 "MemWrite_out";
    .port_info 33 /OUTPUT 1 "MemtoReg_out";
    .port_info 34 /OUTPUT 1 "Branch_out";
    .port_info 35 /OUTPUT 1 "Jump_out";
    .port_info 36 /OUTPUT 2 "ALUOp_out";
v0x9790e6ee0_0 .net "ALUOp_in", 1 0, v0x9790e43c0_0;  alias, 1 drivers
v0x9790e6f80_0 .var "ALUOp_out", 1 0;
v0x9790e7020_0 .net "ALUSrc_in", 0 0, v0x9790e4460_0;  alias, 1 drivers
v0x9790e70c0_0 .var "ALUSrc_out", 0 0;
v0x9790e7160_0 .net "Branch_in", 0 0, v0x9790e4500_0;  alias, 1 drivers
v0x9790e7200_0 .var "Branch_out", 0 0;
v0x9790e72a0_0 .net "Jump_in", 0 0, v0x9790e45a0_0;  alias, 1 drivers
v0x9790e7340_0 .var "Jump_out", 0 0;
v0x9790e73e0_0 .net "MemRead_in", 0 0, v0x9790e4640_0;  alias, 1 drivers
v0x9790e7480_0 .var "MemRead_out", 0 0;
v0x9790e7520_0 .net "MemWrite_in", 0 0, v0x9790e46e0_0;  alias, 1 drivers
v0x9790e75c0_0 .var "MemWrite_out", 0 0;
v0x9790e7660_0 .net "MemtoReg_in", 0 0, v0x9790e4780_0;  alias, 1 drivers
v0x9790e7700_0 .var "MemtoReg_out", 0 0;
v0x9790e77a0_0 .net "RegWrite_in", 0 0, v0x9790e4820_0;  alias, 1 drivers
v0x9790e7840_0 .var "RegWrite_out", 0 0;
v0x9790e78e0_0 .net "clk", 0 0, v0x9790f1860_0;  alias, 1 drivers
v0x9790e7980_0 .net "flush", 0 0, L_0x978cac8c0;  1 drivers
v0x9790e7a20_0 .net "funct3_in", 2 0, L_0x9790b2440;  alias, 1 drivers
v0x9790e7ac0_0 .var "funct3_out", 2 0;
v0x9790e7b60_0 .net "funct7_in", 6 0, L_0x9790b24e0;  alias, 1 drivers
v0x9790e7c00_0 .var "funct7_out", 6 0;
v0x9790e7ca0_0 .net "immediate_in", 31 0, v0x9790e4960_0;  alias, 1 drivers
v0x9790e7d40_0 .var "immediate_out", 31 0;
v0x9790e7de0_0 .net "pc_in", 31 0, v0x9790e8960_0;  alias, 1 drivers
v0x9790e7e80_0 .var "pc_out", 31 0;
v0x9790e7f20_0 .net "rd_in", 4 0, L_0x9790b23a0;  alias, 1 drivers
v0x9790e8000_0 .var "rd_out", 4 0;
v0x9790e80a0_0 .net "read_data1_in", 31 0, L_0x9790f2a80;  alias, 1 drivers
v0x9790e8140_0 .var "read_data1_out", 31 0;
v0x9790e81e0_0 .net "read_data2_in", 31 0, L_0x9790f2e40;  alias, 1 drivers
v0x9790e8280_0 .var "read_data2_out", 31 0;
v0x9790e8320_0 .net "reset", 0 0, v0x9790f1900_0;  alias, 1 drivers
v0x9790e83c0_0 .net "rs1_in", 4 0, L_0x9790b2260;  alias, 1 drivers
v0x9790e8460_0 .var "rs1_out", 4 0;
v0x9790e8500_0 .net "rs2_in", 4 0, L_0x9790b2300;  alias, 1 drivers
v0x9790e85a0_0 .var "rs2_out", 4 0;
S_0x978cd1500 .scope module, "IF_ID" "if_id_register" 14 98, 21 3 0, S_0x978cd0180;
 .timescale -9 -12;
    .port_info 0 /INPUT 1 "clk";
    .port_info 1 /INPUT 1 "reset";
    .port_info 2 /INPUT 1 "stall";
    .port_info 3 /INPUT 1 "flush";
    .port_info 4 /INPUT 32 "pc_in";
    .port_info 5 /INPUT 32 "instruction_in";
    .port_info 6 /OUTPUT 32 "pc_out";
    .port_info 7 /OUTPUT 32 "instruction_out";
v0x9790e8640_0 .net "clk", 0 0, v0x9790f1860_0;  alias, 1 drivers
v0x9790e86e0_0 .net "flush", 0 0, L_0x978cac9a0;  alias, 1 drivers
v0x9790e8780_0 .net "instruction_in", 31 0, L_0x978c3e140;  alias, 1 drivers
v0x9790e8820_0 .var "instruction_out", 31 0;
v0x9790e88c0_0 .net "pc_in", 31 0, v0x9790ea1c0_0;  alias, 1 drivers
v0x9790e8960_0 .var "pc_out", 31 0;
v0x9790e8a00_0 .net "reset", 0 0, v0x9790f1900_0;  alias, 1 drivers
v0x9790e8aa0_0 .net "stall", 0 0, v0x9790e4320_0;  alias, 1 drivers
S_0x978cd1680 .scope module, "IM" "instruction_memory" 14 89, 9 3 0, S_0x978cd0180;
 .timescale -9 -12;
    .port_info 0 /INPUT 32 "pc";
    .port_info 1 /OUTPUT 32 "instruction";
L_0x978c3e140 .functor BUFZ 32, L_0x9790f26c0, C4<00000000000000000000000000000000>, C4<00000000000000000000000000000000>, C4<00000000000000000000000000000000>;
v0x9790e8b40_0 .net *"_ivl_0", 31 0, L_0x9790f26c0;  1 drivers
v0x9790e8be0_0 .net *"_ivl_3", 29 0, L_0x9790b1e00;  1 drivers
v0x9790e8c80_0 .net "instruction", 31 0, L_0x978c3e140;  alias, 1 drivers
v0x9790e8d20 .array "memory", 255 0, 31 0;
v0x9790e8dc0_0 .net "pc", 31 0, v0x9790ea1c0_0;  alias, 1 drivers
L_0x9790f26c0 .array/port v0x9790e8d20, L_0x9790b1e00;
L_0x9790b1e00 .part v0x9790ea1c0_0, 2, 30;
S_0x978cd1800 .scope module, "MEM" "mem_stage" 14 309, 22 3 0, S_0x978cd0180;
 .timescale -9 -12;
    .port_info 0 /INPUT 1 "clk";
    .port_info 1 /INPUT 1 "MemRead";
    .port_info 2 /INPUT 1 "MemWrite";
    .port_info 3 /INPUT 32 "address";
    .port_info 4 /INPUT 32 "write_data";
    .port_info 5 /OUTPUT 32 "read_data";
v0x9790e92c0_0 .net "MemRead", 0 0, v0x9790e2e40_0;  alias, 1 drivers
v0x9790e9360_0 .net "MemWrite", 0 0, v0x9790e2f80_0;  alias, 1 drivers
v0x9790e9400_0 .net "address", 31 0, v0x9790e3340_0;  alias, 1 drivers
v0x9790e94a0_0 .net "clk", 0 0, v0x9790f1860_0;  alias, 1 drivers
v0x9790e9540_0 .net "read_data", 31 0, v0x9790e9180_0;  alias, 1 drivers
v0x9790e95e0_0 .net "write_data", 31 0, v0x9790e3ac0_0;  alias, 1 drivers
S_0x978cd1980 .scope module, "dm" "data_memory" 22 17, 8 3 0, S_0x978cd1800;
 .timescale -9 -12;
    .port_info 0 /INPUT 1 "clk";
    .port_info 1 /INPUT 1 "mem_write";
    .port_info 2 /INPUT 1 "mem_read";
    .port_info 3 /INPUT 32 "address";
    .port_info 4 /INPUT 32 "write_data";
    .port_info 5 /OUTPUT 32 "read_data";
v0x9790e8e60_0 .net "address", 31 0, v0x9790e3340_0;  alias, 1 drivers
v0x9790e8f00_0 .net "clk", 0 0, v0x9790f1860_0;  alias, 1 drivers
v0x9790e8fa0_0 .net "mem_read", 0 0, v0x9790e2e40_0;  alias, 1 drivers
v0x9790e9040_0 .net "mem_write", 0 0, v0x9790e2f80_0;  alias, 1 drivers
v0x9790e90e0 .array "memory", 255 0, 31 0;
v0x9790e9180_0 .var "read_data", 31 0;
v0x9790e9220_0 .net "write_data", 31 0, v0x9790e3ac0_0;  alias, 1 drivers
v0x9790e90e0_0 .array/port v0x9790e90e0, 0;
v0x9790e90e0_1 .array/port v0x9790e90e0, 1;
E_0x978c77000/0 .event anyedge, v0x9790e2e40_0, v0x9790e2120_0, v0x9790e90e0_0, v0x9790e90e0_1;
v0x9790e90e0_2 .array/port v0x9790e90e0, 2;
v0x9790e90e0_3 .array/port v0x9790e90e0, 3;
v0x9790e90e0_4 .array/port v0x9790e90e0, 4;
v0x9790e90e0_5 .array/port v0x9790e90e0, 5;
E_0x978c77000/1 .event anyedge, v0x9790e90e0_2, v0x9790e90e0_3, v0x9790e90e0_4, v0x9790e90e0_5;
v0x9790e90e0_6 .array/port v0x9790e90e0, 6;
v0x9790e90e0_7 .array/port v0x9790e90e0, 7;
v0x9790e90e0_8 .array/port v0x9790e90e0, 8;
v0x9790e90e0_9 .array/port v0x9790e90e0, 9;
E_0x978c77000/2 .event anyedge, v0x9790e90e0_6, v0x9790e90e0_7, v0x9790e90e0_8, v0x9790e90e0_9;
v0x9790e90e0_10 .array/port v0x9790e90e0, 10;
v0x9790e90e0_11 .array/port v0x9790e90e0, 11;
v0x9790e90e0_12 .array/port v0x9790e90e0, 12;
v0x9790e90e0_13 .array/port v0x9790e90e0, 13;
E_0x978c77000/3 .event anyedge, v0x9790e90e0_10, v0x9790e90e0_11, v0x9790e90e0_12, v0x9790e90e0_13;
v0x9790e90e0_14 .array/port v0x9790e90e0, 14;
v0x9790e90e0_15 .array/port v0x9790e90e0, 15;
v0x9790e90e0_16 .array/port v0x9790e90e0, 16;
v0x9790e90e0_17 .array/port v0x9790e90e0, 17;
E_0x978c77000/4 .event anyedge, v0x9790e90e0_14, v0x9790e90e0_15, v0x9790e90e0_16, v0x9790e90e0_17;
v0x9790e90e0_18 .array/port v0x9790e90e0, 18;
v0x9790e90e0_19 .array/port v0x9790e90e0, 19;
v0x9790e90e0_20 .array/port v0x9790e90e0, 20;
v0x9790e90e0_21 .array/port v0x9790e90e0, 21;
E_0x978c77000/5 .event anyedge, v0x9790e90e0_18, v0x9790e90e0_19, v0x9790e90e0_20, v0x9790e90e0_21;
v0x9790e90e0_22 .array/port v0x9790e90e0, 22;
v0x9790e90e0_23 .array/port v0x9790e90e0, 23;
v0x9790e90e0_24 .array/port v0x9790e90e0, 24;
v0x9790e90e0_25 .array/port v0x9790e90e0, 25;
E_0x978c77000/6 .event anyedge, v0x9790e90e0_22, v0x9790e90e0_23, v0x9790e90e0_24, v0x9790e90e0_25;
v0x9790e90e0_26 .array/port v0x9790e90e0, 26;
v0x9790e90e0_27 .array/port v0x9790e90e0, 27;
v0x9790e90e0_28 .array/port v0x9790e90e0, 28;
v0x9790e90e0_29 .array/port v0x9790e90e0, 29;
E_0x978c77000/7 .event anyedge, v0x9790e90e0_26, v0x9790e90e0_27, v0x9790e90e0_28, v0x9790e90e0_29;
v0x9790e90e0_30 .array/port v0x9790e90e0, 30;
v0x9790e90e0_31 .array/port v0x9790e90e0, 31;
v0x9790e90e0_32 .array/port v0x9790e90e0, 32;
v0x9790e90e0_33 .array/port v0x9790e90e0, 33;
E_0x978c77000/8 .event anyedge, v0x9790e90e0_30, v0x9790e90e0_31, v0x9790e90e0_32, v0x9790e90e0_33;
v0x9790e90e0_34 .array/port v0x9790e90e0, 34;
v0x9790e90e0_35 .array/port v0x9790e90e0, 35;
v0x9790e90e0_36 .array/port v0x9790e90e0, 36;
v0x9790e90e0_37 .array/port v0x9790e90e0, 37;
E_0x978c77000/9 .event anyedge, v0x9790e90e0_34, v0x9790e90e0_35, v0x9790e90e0_36, v0x9790e90e0_37;
v0x9790e90e0_38 .array/port v0x9790e90e0, 38;
v0x9790e90e0_39 .array/port v0x9790e90e0, 39;
v0x9790e90e0_40 .array/port v0x9790e90e0, 40;
v0x9790e90e0_41 .array/port v0x9790e90e0, 41;
E_0x978c77000/10 .event anyedge, v0x9790e90e0_38, v0x9790e90e0_39, v0x9790e90e0_40, v0x9790e90e0_41;
v0x9790e90e0_42 .array/port v0x9790e90e0, 42;
v0x9790e90e0_43 .array/port v0x9790e90e0, 43;
v0x9790e90e0_44 .array/port v0x9790e90e0, 44;
v0x9790e90e0_45 .array/port v0x9790e90e0, 45;
E_0x978c77000/11 .event anyedge, v0x9790e90e0_42, v0x9790e90e0_43, v0x9790e90e0_44, v0x9790e90e0_45;
v0x9790e90e0_46 .array/port v0x9790e90e0, 46;
v0x9790e90e0_47 .array/port v0x9790e90e0, 47;
v0x9790e90e0_48 .array/port v0x9790e90e0, 48;
v0x9790e90e0_49 .array/port v0x9790e90e0, 49;
E_0x978c77000/12 .event anyedge, v0x9790e90e0_46, v0x9790e90e0_47, v0x9790e90e0_48, v0x9790e90e0_49;
v0x9790e90e0_50 .array/port v0x9790e90e0, 50;
v0x9790e90e0_51 .array/port v0x9790e90e0, 51;
v0x9790e90e0_52 .array/port v0x9790e90e0, 52;
v0x9790e90e0_53 .array/port v0x9790e90e0, 53;
E_0x978c77000/13 .event anyedge, v0x9790e90e0_50, v0x9790e90e0_51, v0x9790e90e0_52, v0x9790e90e0_53;
v0x9790e90e0_54 .array/port v0x9790e90e0, 54;
v0x9790e90e0_55 .array/port v0x9790e90e0, 55;
v0x9790e90e0_56 .array/port v0x9790e90e0, 56;
v0x9790e90e0_57 .array/port v0x9790e90e0, 57;
E_0x978c77000/14 .event anyedge, v0x9790e90e0_54, v0x9790e90e0_55, v0x9790e90e0_56, v0x9790e90e0_57;
v0x9790e90e0_58 .array/port v0x9790e90e0, 58;
v0x9790e90e0_59 .array/port v0x9790e90e0, 59;
v0x9790e90e0_60 .array/port v0x9790e90e0, 60;
v0x9790e90e0_61 .array/port v0x9790e90e0, 61;
E_0x978c77000/15 .event anyedge, v0x9790e90e0_58, v0x9790e90e0_59, v0x9790e90e0_60, v0x9790e90e0_61;
v0x9790e90e0_62 .array/port v0x9790e90e0, 62;
v0x9790e90e0_63 .array/port v0x9790e90e0, 63;
v0x9790e90e0_64 .array/port v0x9790e90e0, 64;
v0x9790e90e0_65 .array/port v0x9790e90e0, 65;
E_0x978c77000/16 .event anyedge, v0x9790e90e0_62, v0x9790e90e0_63, v0x9790e90e0_64, v0x9790e90e0_65;
v0x9790e90e0_66 .array/port v0x9790e90e0, 66;
v0x9790e90e0_67 .array/port v0x9790e90e0, 67;
v0x9790e90e0_68 .array/port v0x9790e90e0, 68;
v0x9790e90e0_69 .array/port v0x9790e90e0, 69;
E_0x978c77000/17 .event anyedge, v0x9790e90e0_66, v0x9790e90e0_67, v0x9790e90e0_68, v0x9790e90e0_69;
v0x9790e90e0_70 .array/port v0x9790e90e0, 70;
v0x9790e90e0_71 .array/port v0x9790e90e0, 71;
v0x9790e90e0_72 .array/port v0x9790e90e0, 72;
v0x9790e90e0_73 .array/port v0x9790e90e0, 73;
E_0x978c77000/18 .event anyedge, v0x9790e90e0_70, v0x9790e90e0_71, v0x9790e90e0_72, v0x9790e90e0_73;
v0x9790e90e0_74 .array/port v0x9790e90e0, 74;
v0x9790e90e0_75 .array/port v0x9790e90e0, 75;
v0x9790e90e0_76 .array/port v0x9790e90e0, 76;
v0x9790e90e0_77 .array/port v0x9790e90e0, 77;
E_0x978c77000/19 .event anyedge, v0x9790e90e0_74, v0x9790e90e0_75, v0x9790e90e0_76, v0x9790e90e0_77;
v0x9790e90e0_78 .array/port v0x9790e90e0, 78;
v0x9790e90e0_79 .array/port v0x9790e90e0, 79;
v0x9790e90e0_80 .array/port v0x9790e90e0, 80;
v0x9790e90e0_81 .array/port v0x9790e90e0, 81;
E_0x978c77000/20 .event anyedge, v0x9790e90e0_78, v0x9790e90e0_79, v0x9790e90e0_80, v0x9790e90e0_81;
v0x9790e90e0_82 .array/port v0x9790e90e0, 82;
v0x9790e90e0_83 .array/port v0x9790e90e0, 83;
v0x9790e90e0_84 .array/port v0x9790e90e0, 84;
v0x9790e90e0_85 .array/port v0x9790e90e0, 85;
E_0x978c77000/21 .event anyedge, v0x9790e90e0_82, v0x9790e90e0_83, v0x9790e90e0_84, v0x9790e90e0_85;
v0x9790e90e0_86 .array/port v0x9790e90e0, 86;
v0x9790e90e0_87 .array/port v0x9790e90e0, 87;
v0x9790e90e0_88 .array/port v0x9790e90e0, 88;
v0x9790e90e0_89 .array/port v0x9790e90e0, 89;
E_0x978c77000/22 .event anyedge, v0x9790e90e0_86, v0x9790e90e0_87, v0x9790e90e0_88, v0x9790e90e0_89;
v0x9790e90e0_90 .array/port v0x9790e90e0, 90;
v0x9790e90e0_91 .array/port v0x9790e90e0, 91;
v0x9790e90e0_92 .array/port v0x9790e90e0, 92;
v0x9790e90e0_93 .array/port v0x9790e90e0, 93;
E_0x978c77000/23 .event anyedge, v0x9790e90e0_90, v0x9790e90e0_91, v0x9790e90e0_92, v0x9790e90e0_93;
v0x9790e90e0_94 .array/port v0x9790e90e0, 94;
v0x9790e90e0_95 .array/port v0x9790e90e0, 95;
v0x9790e90e0_96 .array/port v0x9790e90e0, 96;
v0x9790e90e0_97 .array/port v0x9790e90e0, 97;
E_0x978c77000/24 .event anyedge, v0x9790e90e0_94, v0x9790e90e0_95, v0x9790e90e0_96, v0x9790e90e0_97;
v0x9790e90e0_98 .array/port v0x9790e90e0, 98;
v0x9790e90e0_99 .array/port v0x9790e90e0, 99;
v0x9790e90e0_100 .array/port v0x9790e90e0, 100;
v0x9790e90e0_101 .array/port v0x9790e90e0, 101;
E_0x978c77000/25 .event anyedge, v0x9790e90e0_98, v0x9790e90e0_99, v0x9790e90e0_100, v0x9790e90e0_101;
v0x9790e90e0_102 .array/port v0x9790e90e0, 102;
v0x9790e90e0_103 .array/port v0x9790e90e0, 103;
v0x9790e90e0_104 .array/port v0x9790e90e0, 104;
v0x9790e90e0_105 .array/port v0x9790e90e0, 105;
E_0x978c77000/26 .event anyedge, v0x9790e90e0_102, v0x9790e90e0_103, v0x9790e90e0_104, v0x9790e90e0_105;
v0x9790e90e0_106 .array/port v0x9790e90e0, 106;
v0x9790e90e0_107 .array/port v0x9790e90e0, 107;
v0x9790e90e0_108 .array/port v0x9790e90e0, 108;
v0x9790e90e0_109 .array/port v0x9790e90e0, 109;
E_0x978c77000/27 .event anyedge, v0x9790e90e0_106, v0x9790e90e0_107, v0x9790e90e0_108, v0x9790e90e0_109;
v0x9790e90e0_110 .array/port v0x9790e90e0, 110;
v0x9790e90e0_111 .array/port v0x9790e90e0, 111;
v0x9790e90e0_112 .array/port v0x9790e90e0, 112;
v0x9790e90e0_113 .array/port v0x9790e90e0, 113;
E_0x978c77000/28 .event anyedge, v0x9790e90e0_110, v0x9790e90e0_111, v0x9790e90e0_112, v0x9790e90e0_113;
v0x9790e90e0_114 .array/port v0x9790e90e0, 114;
v0x9790e90e0_115 .array/port v0x9790e90e0, 115;
v0x9790e90e0_116 .array/port v0x9790e90e0, 116;
v0x9790e90e0_117 .array/port v0x9790e90e0, 117;
E_0x978c77000/29 .event anyedge, v0x9790e90e0_114, v0x9790e90e0_115, v0x9790e90e0_116, v0x9790e90e0_117;
v0x9790e90e0_118 .array/port v0x9790e90e0, 118;
v0x9790e90e0_119 .array/port v0x9790e90e0, 119;
v0x9790e90e0_120 .array/port v0x9790e90e0, 120;
v0x9790e90e0_121 .array/port v0x9790e90e0, 121;
E_0x978c77000/30 .event anyedge, v0x9790e90e0_118, v0x9790e90e0_119, v0x9790e90e0_120, v0x9790e90e0_121;
v0x9790e90e0_122 .array/port v0x9790e90e0, 122;
v0x9790e90e0_123 .array/port v0x9790e90e0, 123;
v0x9790e90e0_124 .array/port v0x9790e90e0, 124;
v0x9790e90e0_125 .array/port v0x9790e90e0, 125;
E_0x978c77000/31 .event anyedge, v0x9790e90e0_122, v0x9790e90e0_123, v0x9790e90e0_124, v0x9790e90e0_125;
v0x9790e90e0_126 .array/port v0x9790e90e0, 126;
v0x9790e90e0_127 .array/port v0x9790e90e0, 127;
v0x9790e90e0_128 .array/port v0x9790e90e0, 128;
v0x9790e90e0_129 .array/port v0x9790e90e0, 129;
E_0x978c77000/32 .event anyedge, v0x9790e90e0_126, v0x9790e90e0_127, v0x9790e90e0_128, v0x9790e90e0_129;
v0x9790e90e0_130 .array/port v0x9790e90e0, 130;
v0x9790e90e0_131 .array/port v0x9790e90e0, 131;
v0x9790e90e0_132 .array/port v0x9790e90e0, 132;
v0x9790e90e0_133 .array/port v0x9790e90e0, 133;
E_0x978c77000/33 .event anyedge, v0x9790e90e0_130, v0x9790e90e0_131, v0x9790e90e0_132, v0x9790e90e0_133;
v0x9790e90e0_134 .array/port v0x9790e90e0, 134;
v0x9790e90e0_135 .array/port v0x9790e90e0, 135;
v0x9790e90e0_136 .array/port v0x9790e90e0, 136;
v0x9790e90e0_137 .array/port v0x9790e90e0, 137;
E_0x978c77000/34 .event anyedge, v0x9790e90e0_134, v0x9790e90e0_135, v0x9790e90e0_136, v0x9790e90e0_137;
v0x9790e90e0_138 .array/port v0x9790e90e0, 138;
v0x9790e90e0_139 .array/port v0x9790e90e0, 139;
v0x9790e90e0_140 .array/port v0x9790e90e0, 140;
v0x9790e90e0_141 .array/port v0x9790e90e0, 141;
E_0x978c77000/35 .event anyedge, v0x9790e90e0_138, v0x9790e90e0_139, v0x9790e90e0_140, v0x9790e90e0_141;
v0x9790e90e0_142 .array/port v0x9790e90e0, 142;
v0x9790e90e0_143 .array/port v0x9790e90e0, 143;
v0x9790e90e0_144 .array/port v0x9790e90e0, 144;
v0x9790e90e0_145 .array/port v0x9790e90e0, 145;
E_0x978c77000/36 .event anyedge, v0x9790e90e0_142, v0x9790e90e0_143, v0x9790e90e0_144, v0x9790e90e0_145;
v0x9790e90e0_146 .array/port v0x9790e90e0, 146;
v0x9790e90e0_147 .array/port v0x9790e90e0, 147;
v0x9790e90e0_148 .array/port v0x9790e90e0, 148;
v0x9790e90e0_149 .array/port v0x9790e90e0, 149;
E_0x978c77000/37 .event anyedge, v0x9790e90e0_146, v0x9790e90e0_147, v0x9790e90e0_148, v0x9790e90e0_149;
v0x9790e90e0_150 .array/port v0x9790e90e0, 150;
v0x9790e90e0_151 .array/port v0x9790e90e0, 151;
v0x9790e90e0_152 .array/port v0x9790e90e0, 152;
v0x9790e90e0_153 .array/port v0x9790e90e0, 153;
E_0x978c77000/38 .event anyedge, v0x9790e90e0_150, v0x9790e90e0_151, v0x9790e90e0_152, v0x9790e90e0_153;
v0x9790e90e0_154 .array/port v0x9790e90e0, 154;
v0x9790e90e0_155 .array/port v0x9790e90e0, 155;
v0x9790e90e0_156 .array/port v0x9790e90e0, 156;
v0x9790e90e0_157 .array/port v0x9790e90e0, 157;
E_0x978c77000/39 .event anyedge, v0x9790e90e0_154, v0x9790e90e0_155, v0x9790e90e0_156, v0x9790e90e0_157;
v0x9790e90e0_158 .array/port v0x9790e90e0, 158;
v0x9790e90e0_159 .array/port v0x9790e90e0, 159;
v0x9790e90e0_160 .array/port v0x9790e90e0, 160;
v0x9790e90e0_161 .array/port v0x9790e90e0, 161;
E_0x978c77000/40 .event anyedge, v0x9790e90e0_158, v0x9790e90e0_159, v0x9790e90e0_160, v0x9790e90e0_161;
v0x9790e90e0_162 .array/port v0x9790e90e0, 162;
v0x9790e90e0_163 .array/port v0x9790e90e0, 163;
v0x9790e90e0_164 .array/port v0x9790e90e0, 164;
v0x9790e90e0_165 .array/port v0x9790e90e0, 165;
E_0x978c77000/41 .event anyedge, v0x9790e90e0_162, v0x9790e90e0_163, v0x9790e90e0_164, v0x9790e90e0_165;
v0x9790e90e0_166 .array/port v0x9790e90e0, 166;
v0x9790e90e0_167 .array/port v0x9790e90e0, 167;
v0x9790e90e0_168 .array/port v0x9790e90e0, 168;
v0x9790e90e0_169 .array/port v0x9790e90e0, 169;
E_0x978c77000/42 .event anyedge, v0x9790e90e0_166, v0x9790e90e0_167, v0x9790e90e0_168, v0x9790e90e0_169;
v0x9790e90e0_170 .array/port v0x9790e90e0, 170;
v0x9790e90e0_171 .array/port v0x9790e90e0, 171;
v0x9790e90e0_172 .array/port v0x9790e90e0, 172;
v0x9790e90e0_173 .array/port v0x9790e90e0, 173;
E_0x978c77000/43 .event anyedge, v0x9790e90e0_170, v0x9790e90e0_171, v0x9790e90e0_172, v0x9790e90e0_173;
v0x9790e90e0_174 .array/port v0x9790e90e0, 174;
v0x9790e90e0_175 .array/port v0x9790e90e0, 175;
v0x9790e90e0_176 .array/port v0x9790e90e0, 176;
v0x9790e90e0_177 .array/port v0x9790e90e0, 177;
E_0x978c77000/44 .event anyedge, v0x9790e90e0_174, v0x9790e90e0_175, v0x9790e90e0_176, v0x9790e90e0_177;
v0x9790e90e0_178 .array/port v0x9790e90e0, 178;
v0x9790e90e0_179 .array/port v0x9790e90e0, 179;
v0x9790e90e0_180 .array/port v0x9790e90e0, 180;
v0x9790e90e0_181 .array/port v0x9790e90e0, 181;
E_0x978c77000/45 .event anyedge, v0x9790e90e0_178, v0x9790e90e0_179, v0x9790e90e0_180, v0x9790e90e0_181;
v0x9790e90e0_182 .array/port v0x9790e90e0, 182;
v0x9790e90e0_183 .array/port v0x9790e90e0, 183;
v0x9790e90e0_184 .array/port v0x9790e90e0, 184;
v0x9790e90e0_185 .array/port v0x9790e90e0, 185;
E_0x978c77000/46 .event anyedge, v0x9790e90e0_182, v0x9790e90e0_183, v0x9790e90e0_184, v0x9790e90e0_185;
v0x9790e90e0_186 .array/port v0x9790e90e0, 186;
v0x9790e90e0_187 .array/port v0x9790e90e0, 187;
v0x9790e90e0_188 .array/port v0x9790e90e0, 188;
v0x9790e90e0_189 .array/port v0x9790e90e0, 189;
E_0x978c77000/47 .event anyedge, v0x9790e90e0_186, v0x9790e90e0_187, v0x9790e90e0_188, v0x9790e90e0_189;
v0x9790e90e0_190 .array/port v0x9790e90e0, 190;
v0x9790e90e0_191 .array/port v0x9790e90e0, 191;
v0x9790e90e0_192 .array/port v0x9790e90e0, 192;
v0x9790e90e0_193 .array/port v0x9790e90e0, 193;
E_0x978c77000/48 .event anyedge, v0x9790e90e0_190, v0x9790e90e0_191, v0x9790e90e0_192, v0x9790e90e0_193;
v0x9790e90e0_194 .array/port v0x9790e90e0, 194;
v0x9790e90e0_195 .array/port v0x9790e90e0, 195;
v0x9790e90e0_196 .array/port v0x9790e90e0, 196;
v0x9790e90e0_197 .array/port v0x9790e90e0, 197;
E_0x978c77000/49 .event anyedge, v0x9790e90e0_194, v0x9790e90e0_195, v0x9790e90e0_196, v0x9790e90e0_197;
v0x9790e90e0_198 .array/port v0x9790e90e0, 198;
v0x9790e90e0_199 .array/port v0x9790e90e0, 199;
v0x9790e90e0_200 .array/port v0x9790e90e0, 200;
v0x9790e90e0_201 .array/port v0x9790e90e0, 201;
E_0x978c77000/50 .event anyedge, v0x9790e90e0_198, v0x9790e90e0_199, v0x9790e90e0_200, v0x9790e90e0_201;
v0x9790e90e0_202 .array/port v0x9790e90e0, 202;
v0x9790e90e0_203 .array/port v0x9790e90e0, 203;
v0x9790e90e0_204 .array/port v0x9790e90e0, 204;
v0x9790e90e0_205 .array/port v0x9790e90e0, 205;
E_0x978c77000/51 .event anyedge, v0x9790e90e0_202, v0x9790e90e0_203, v0x9790e90e0_204, v0x9790e90e0_205;
v0x9790e90e0_206 .array/port v0x9790e90e0, 206;
v0x9790e90e0_207 .array/port v0x9790e90e0, 207;
v0x9790e90e0_208 .array/port v0x9790e90e0, 208;
v0x9790e90e0_209 .array/port v0x9790e90e0, 209;
E_0x978c77000/52 .event anyedge, v0x9790e90e0_206, v0x9790e90e0_207, v0x9790e90e0_208, v0x9790e90e0_209;
v0x9790e90e0_210 .array/port v0x9790e90e0, 210;
v0x9790e90e0_211 .array/port v0x9790e90e0, 211;
v0x9790e90e0_212 .array/port v0x9790e90e0, 212;
v0x9790e90e0_213 .array/port v0x9790e90e0, 213;
E_0x978c77000/53 .event anyedge, v0x9790e90e0_210, v0x9790e90e0_211, v0x9790e90e0_212, v0x9790e90e0_213;
v0x9790e90e0_214 .array/port v0x9790e90e0, 214;
v0x9790e90e0_215 .array/port v0x9790e90e0, 215;
v0x9790e90e0_216 .array/port v0x9790e90e0, 216;
v0x9790e90e0_217 .array/port v0x9790e90e0, 217;
E_0x978c77000/54 .event anyedge, v0x9790e90e0_214, v0x9790e90e0_215, v0x9790e90e0_216, v0x9790e90e0_217;
v0x9790e90e0_218 .array/port v0x9790e90e0, 218;
v0x9790e90e0_219 .array/port v0x9790e90e0, 219;
v0x9790e90e0_220 .array/port v0x9790e90e0, 220;
v0x9790e90e0_221 .array/port v0x9790e90e0, 221;
E_0x978c77000/55 .event anyedge, v0x9790e90e0_218, v0x9790e90e0_219, v0x9790e90e0_220, v0x9790e90e0_221;
v0x9790e90e0_222 .array/port v0x9790e90e0, 222;
v0x9790e90e0_223 .array/port v0x9790e90e0, 223;
v0x9790e90e0_224 .array/port v0x9790e90e0, 224;
v0x9790e90e0_225 .array/port v0x9790e90e0, 225;
E_0x978c77000/56 .event anyedge, v0x9790e90e0_222, v0x9790e90e0_223, v0x9790e90e0_224, v0x9790e90e0_225;
v0x9790e90e0_226 .array/port v0x9790e90e0, 226;
v0x9790e90e0_227 .array/port v0x9790e90e0, 227;
v0x9790e90e0_228 .array/port v0x9790e90e0, 228;
v0x9790e90e0_229 .array/port v0x9790e90e0, 229;
E_0x978c77000/57 .event anyedge, v0x9790e90e0_226, v0x9790e90e0_227, v0x9790e90e0_228, v0x9790e90e0_229;
v0x9790e90e0_230 .array/port v0x9790e90e0, 230;
v0x9790e90e0_231 .array/port v0x9790e90e0, 231;
v0x9790e90e0_232 .array/port v0x9790e90e0, 232;
v0x9790e90e0_233 .array/port v0x9790e90e0, 233;
E_0x978c77000/58 .event anyedge, v0x9790e90e0_230, v0x9790e90e0_231, v0x9790e90e0_232, v0x9790e90e0_233;
v0x9790e90e0_234 .array/port v0x9790e90e0, 234;
v0x9790e90e0_235 .array/port v0x9790e90e0, 235;
v0x9790e90e0_236 .array/port v0x9790e90e0, 236;
v0x9790e90e0_237 .array/port v0x9790e90e0, 237;
E_0x978c77000/59 .event anyedge, v0x9790e90e0_234, v0x9790e90e0_235, v0x9790e90e0_236, v0x9790e90e0_237;
v0x9790e90e0_238 .array/port v0x9790e90e0, 238;
v0x9790e90e0_239 .array/port v0x9790e90e0, 239;
v0x9790e90e0_240 .array/port v0x9790e90e0, 240;
v0x9790e90e0_241 .array/port v0x9790e90e0, 241;
E_0x978c77000/60 .event anyedge, v0x9790e90e0_238, v0x9790e90e0_239, v0x9790e90e0_240, v0x9790e90e0_241;
v0x9790e90e0_242 .array/port v0x9790e90e0, 242;
v0x9790e90e0_243 .array/port v0x9790e90e0, 243;
v0x9790e90e0_244 .array/port v0x9790e90e0, 244;
v0x9790e90e0_245 .array/port v0x9790e90e0, 245;
E_0x978c77000/61 .event anyedge, v0x9790e90e0_242, v0x9790e90e0_243, v0x9790e90e0_244, v0x9790e90e0_245;
v0x9790e90e0_246 .array/port v0x9790e90e0, 246;
v0x9790e90e0_247 .array/port v0x9790e90e0, 247;
v0x9790e90e0_248 .array/port v0x9790e90e0, 248;
v0x9790e90e0_249 .array/port v0x9790e90e0, 249;
E_0x978c77000/62 .event anyedge, v0x9790e90e0_246, v0x9790e90e0_247, v0x9790e90e0_248, v0x9790e90e0_249;
v0x9790e90e0_250 .array/port v0x9790e90e0, 250;
v0x9790e90e0_251 .array/port v0x9790e90e0, 251;
v0x9790e90e0_252 .array/port v0x9790e90e0, 252;
v0x9790e90e0_253 .array/port v0x9790e90e0, 253;
E_0x978c77000/63 .event anyedge, v0x9790e90e0_250, v0x9790e90e0_251, v0x9790e90e0_252, v0x9790e90e0_253;
v0x9790e90e0_254 .array/port v0x9790e90e0, 254;
v0x9790e90e0_255 .array/port v0x9790e90e0, 255;
E_0x978c77000/64 .event anyedge, v0x9790e90e0_254, v0x9790e90e0_255;
E_0x978c77000 .event/or E_0x978c77000/0, E_0x978c77000/1, E_0x978c77000/2, E_0x978c77000/3, E_0x978c77000/4, E_0x978c77000/5, E_0x978c77000/6, E_0x978c77000/7, E_0x978c77000/8, E_0x978c77000/9, E_0x978c77000/10, E_0x978c77000/11, E_0x978c77000/12, E_0x978c77000/13, E_0x978c77000/14, E_0x978c77000/15, E_0x978c77000/16, E_0x978c77000/17, E_0x978c77000/18, E_0x978c77000/19, E_0x978c77000/20, E_0x978c77000/21, E_0x978c77000/22, E_0x978c77000/23, E_0x978c77000/24, E_0x978c77000/25, E_0x978c77000/26, E_0x978c77000/27, E_0x978c77000/28, E_0x978c77000/29, E_0x978c77000/30, E_0x978c77000/31, E_0x978c77000/32, E_0x978c77000/33, E_0x978c77000/34, E_0x978c77000/35, E_0x978c77000/36, E_0x978c77000/37, E_0x978c77000/38, E_0x978c77000/39, E_0x978c77000/40, E_0x978c77000/41, E_0x978c77000/42, E_0x978c77000/43, E_0x978c77000/44, E_0x978c77000/45, E_0x978c77000/46, E_0x978c77000/47, E_0x978c77000/48, E_0x978c77000/49, E_0x978c77000/50, E_0x978c77000/51, E_0x978c77000/52, E_0x978c77000/53, E_0x978c77000/54, E_0x978c77000/55, E_0x978c77000/56, E_0x978c77000/57, E_0x978c77000/58, E_0x978c77000/59, E_0x978c77000/60, E_0x978c77000/61, E_0x978c77000/62, E_0x978c77000/63, E_0x978c77000/64;
E_0x978c77040 .event posedge, v0x9790e3660_0;
S_0x978cd1b00 .scope module, "MEM_WB" "mem_wb_register" 14 325, 23 3 0, S_0x978cd0180;
 .timescale -9 -12;
    .port_info 0 /INPUT 1 "clk";
    .port_info 1 /INPUT 1 "reset";
    .port_info 2 /INPUT 32 "read_data_in";
    .port_info 3 /INPUT 32 "alu_result_in";
    .port_info 4 /INPUT 32 "pc_plus4_in";
    .port_info 5 /INPUT 5 "rd_in";
    .port_info 6 /INPUT 1 "RegWrite_in";
    .port_info 7 /INPUT 1 "MemtoReg_in";
    .port_info 8 /INPUT 1 "Jump_in";
    .port_info 9 /OUTPUT 32 "read_data_out";
    .port_info 10 /OUTPUT 32 "alu_result_out";
    .port_info 11 /OUTPUT 32 "pc_plus4_out";
    .port_info 12 /OUTPUT 5 "rd_out";
    .port_info 13 /OUTPUT 1 "RegWrite_out";
    .port_info 14 /OUTPUT 1 "MemtoReg_out";
    .port_info 15 /OUTPUT 1 "Jump_out";
v0x9790e9680_0 .net "Jump_in", 0 0, v0x9790e2d00_0;  alias, 1 drivers
v0x9790e9720_0 .var "Jump_out", 0 0;
v0x9790e97c0_0 .net "MemtoReg_in", 0 0, v0x9790e30c0_0;  alias, 1 drivers
v0x9790e9860_0 .var "MemtoReg_out", 0 0;
v0x9790e9900_0 .net "RegWrite_in", 0 0, v0x9790e3200_0;  alias, 1 drivers
v0x9790e99a0_0 .var "RegWrite_out", 0 0;
v0x9790e9a40_0 .net "alu_result_in", 31 0, v0x9790e3340_0;  alias, 1 drivers
v0x9790e9ae0_0 .var "alu_result_out", 31 0;
v0x9790e9b80_0 .net "clk", 0 0, v0x9790f1860_0;  alias, 1 drivers
v0x9790e9c20_0 .net "pc_plus4_in", 31 0, v0x9790e37a0_0;  alias, 1 drivers
v0x9790e9cc0_0 .var "pc_plus4_out", 31 0;
v0x9790e9d60_0 .net "rd_in", 4 0, v0x9790e38e0_0;  alias, 1 drivers
v0x9790e9e00_0 .var "rd_out", 4 0;
v0x9790e9ea0_0 .net "read_data_in", 31 0, v0x9790e9180_0;  alias, 1 drivers
v0x9790e9f40_0 .var "read_data_out", 31 0;
v0x9790e9fe0_0 .net "reset", 0 0, v0x9790f1900_0;  alias, 1 drivers
S_0x978cd1c80 .scope module, "PC" "program_counter" 14 81, 11 3 0, S_0x978cd0180;
 .timescale -9 -12;
    .port_info 0 /INPUT 1 "clk";
    .port_info 1 /INPUT 1 "reset";
    .port_info 2 /INPUT 32 "next_pc";
    .port_info 3 /INPUT 1 "pc_write";
    .port_info 4 /OUTPUT 32 "pc";
v0x9790ea080_0 .net "clk", 0 0, v0x9790f1860_0;  alias, 1 drivers
v0x9790ea120_0 .net "next_pc", 31 0, L_0x9790f2620;  alias, 1 drivers
v0x9790ea1c0_0 .var "pc", 31 0;
v0x9790ea260_0 .net "pc_write", 0 0, L_0x978cac620;  alias, 1 drivers
v0x9790ea300_0 .net "reset", 0 0, v0x9790f1900_0;  alias, 1 drivers
S_0x978cd1e00 .scope module, "WB" "wb_stage" 14 352, 24 3 0, S_0x978cd0180;
 .timescale -9 -12;
    .port_info 0 /INPUT 32 "read_data";
    .port_info 1 /INPUT 32 "alu_result";
    .port_info 2 /INPUT 32 "pc_plus4";
    .port_info 3 /INPUT 1 "MemtoReg";
    .port_info 4 /INPUT 1 "Jump";
    .port_info 5 /OUTPUT 32 "write_back_data";
v0x9790ea3a0_0 .net "Jump", 0 0, v0x9790e9720_0;  alias, 1 drivers
v0x9790ea440_0 .net "MemtoReg", 0 0, v0x9790e9860_0;  alias, 1 drivers
v0x9790ea4e0_0 .net *"_ivl_0", 31 0, L_0x9790f35c0;  1 drivers
v0x9790ea580_0 .net "alu_result", 31 0, v0x9790e9ae0_0;  alias, 1 drivers
v0x9790ea620_0 .net "pc_plus4", 31 0, v0x9790e9cc0_0;  alias, 1 drivers
v0x9790ea6c0_0 .net "read_data", 31 0, v0x9790e9f40_0;  alias, 1 drivers
v0x9790ea760_0 .net "write_back_data", 31 0, L_0x9790f3660;  alias, 1 drivers
L_0x9790f35c0 .functor MUXZ 32, v0x9790e9ae0_0, v0x9790e9f40_0, v0x9790e9860_0, C4<>;
L_0x9790f3660 .functor MUXZ 32, L_0x9790f35c0, v0x9790e9cc0_0, v0x9790e9720_0, C4<>;
    .scope S_0x102d8fe10;
T_0 ;
    %wait E_0x978c76440;
    %load/vec4 v0x979052580_0;
    %flag_set/vec4 8;
    %jmp/0xz  T_0.0, 8;
    %pushi/vec4 0, 0, 32;
    %assign/vec4 v0x979052440_0, 0;
    %jmp T_0.1;
T_0.0 ;
    %load/vec4 v0x9790524e0_0;
    %flag_set/vec4 8;
    %jmp/0xz  T_0.2, 8;
    %load/vec4 v0x9790523a0_0;
    %assign/vec4 v0x979052440_0, 0;
T_0.2 ;
T_0.1 ;
    %jmp T_0;
    .thread T_0;
    .scope S_0x102d92170;
T_1 ;
    %pushi/vec4 8388847, 0, 32;
    %ix/load 4, 0, 0;
    %flag_set/imm 4, 0;
    %store/vec4a v0x979051fe0, 4, 0;
    %pushi/vec4 1048851, 0, 32;
    %ix/load 4, 1, 0;
    %flag_set/imm 4, 0;
    %store/vec4a v0x979051fe0, 4, 0;
    %pushi/vec4 103809427, 0, 32;
    %ix/load 4, 2, 0;
    %flag_set/imm 4, 0;
    %store/vec4a v0x979051fe0, 4, 0;
    %end;
    .thread T_1;
    .scope S_0x102d94650;
T_2 ;
    %wait E_0x978c762c0;
    %pushi/vec4 0, 0, 1;
    %store/vec4 v0x979051860_0, 0, 1;
    %pushi/vec4 0, 0, 1;
    %store/vec4 v0x9790514a0_0, 0, 1;
    %pushi/vec4 0, 0, 1;
    %store/vec4 v0x979051680_0, 0, 1;
    %pushi/vec4 0, 0, 1;
    %store/vec4 v0x979051720_0, 0, 1;
    %pushi/vec4 0, 0, 1;
    %store/vec4 v0x9790517c0_0, 0, 1;
    %pushi/vec4 0, 0, 1;
    %store/vec4 v0x979051540_0, 0, 1;
    %pushi/vec4 0, 0, 1;
    %store/vec4 v0x9790515e0_0, 0, 1;
    %pushi/vec4 0, 0, 2;
    %store/vec4 v0x979051400_0, 0, 2;
    %load/vec4 v0x979051900_0;
    %dup/vec4;
    %pushi/vec4 51, 0, 7;
    %cmp/u;
    %jmp/1 T_2.0, 6;
    %dup/vec4;
    %pushi/vec4 19, 0, 7;
    %cmp/u;
    %jmp/1 T_2.1, 6;
    %dup/vec4;
    %pushi/vec4 3, 0, 7;
    %cmp/u;
    %jmp/1 T_2.2, 6;
    %dup/vec4;
    %pushi/vec4 35, 0, 7;
    %cmp/u;
    %jmp/1 T_2.3, 6;
    %dup/vec4;
    %pushi/vec4 99, 0, 7;
    %cmp/u;
    %jmp/1 T_2.4, 6;
    %dup/vec4;
    %pushi/vec4 111, 0, 7;
    %cmp/u;
    %jmp/1 T_2.5, 6;
    %dup/vec4;
    %pushi/vec4 55, 0, 7;
    %cmp/u;
    %jmp/1 T_2.6, 6;
    %jmp T_2.7;
T_2.0 ;
    %pushi/vec4 1, 0, 1;
    %store/vec4 v0x979051860_0, 0, 1;
    %pushi/vec4 2, 0, 2;
    %store/vec4 v0x979051400_0, 0, 2;
    %jmp T_2.7;
T_2.1 ;
    %pushi/vec4 1, 0, 1;
    %store/vec4 v0x979051860_0, 0, 1;
    %pushi/vec4 1, 0, 1;
    %store/vec4 v0x9790514a0_0, 0, 1;
    %pushi/vec4 2, 0, 2;
    %store/vec4 v0x979051400_0, 0, 2;
    %jmp T_2.7;
T_2.2 ;
    %pushi/vec4 1, 0, 1;
    %store/vec4 v0x979051860_0, 0, 1;
    %pushi/vec4 1, 0, 1;
    %store/vec4 v0x9790514a0_0, 0, 1;
    %pushi/vec4 1, 0, 1;
    %store/vec4 v0x979051680_0, 0, 1;
    %pushi/vec4 1, 0, 1;
    %store/vec4 v0x9790517c0_0, 0, 1;
    %pushi/vec4 0, 0, 2;
    %store/vec4 v0x979051400_0, 0, 2;
    %jmp T_2.7;
T_2.3 ;
    %pushi/vec4 1, 0, 1;
    %store/vec4 v0x9790514a0_0, 0, 1;
    %pushi/vec4 1, 0, 1;
    %store/vec4 v0x979051720_0, 0, 1;
    %pushi/vec4 0, 0, 2;
    %store/vec4 v0x979051400_0, 0, 2;
    %jmp T_2.7;
T_2.4 ;
    %pushi/vec4 1, 0, 1;
    %store/vec4 v0x979051540_0, 0, 1;
    %pushi/vec4 1, 0, 2;
    %store/vec4 v0x979051400_0, 0, 2;
    %jmp T_2.7;
T_2.5 ;
    %pushi/vec4 1, 0, 1;
    %store/vec4 v0x9790515e0_0, 0, 1;
    %pushi/vec4 1, 0, 1;
    %store/vec4 v0x979051860_0, 0, 1;
    %jmp T_2.7;
T_2.6 ;
    %pushi/vec4 1, 0, 1;
    %store/vec4 v0x979051860_0, 0, 1;
    %pushi/vec4 1, 0, 1;
    %store/vec4 v0x9790514a0_0, 0, 1;
    %jmp T_2.7;
T_2.7 ;
    %pop/vec4 1;
    %jmp T_2;
    .thread T_2, $push;
    .scope S_0x102d922f0;
T_3 ;
    %wait E_0x978c76400;
    %load/vec4 v0x979052260_0;
    %dup/vec4;
    %pushi/vec4 19, 0, 7;
    %cmp/u;
    %jmp/1 T_3.0, 6;
    %dup/vec4;
    %pushi/vec4 3, 0, 7;
    %cmp/u;
    %jmp/1 T_3.1, 6;
    %dup/vec4;
    %pushi/vec4 35, 0, 7;
    %cmp/u;
    %jmp/1 T_3.2, 6;
    %dup/vec4;
    %pushi/vec4 99, 0, 7;
    %cmp/u;
    %jmp/1 T_3.3, 6;
    %dup/vec4;
    %pushi/vec4 55, 0, 7;
    %cmp/u;
    %jmp/1 T_3.4, 6;
    %dup/vec4;
    %pushi/vec4 23, 0, 7;
    %cmp/u;
    %jmp/1 T_3.5, 6;
    %dup/vec4;
    %pushi/vec4 111, 0, 7;
    %cmp/u;
    %jmp/1 T_3.6, 6;
    %pushi/vec4 0, 0, 32;
    %store/vec4 v0x979052120_0, 0, 32;
    %jmp T_3.8;
T_3.0 ;
    %load/vec4 v0x9790521c0_0;
    %parti/s 1, 31, 6;
    %replicate 20;
    %load/vec4 v0x9790521c0_0;
    %parti/s 12, 20, 6;
    %concat/vec4; draw_concat_vec4
    %store/vec4 v0x979052120_0, 0, 32;
    %jmp T_3.8;
T_3.1 ;
    %load/vec4 v0x9790521c0_0;
    %parti/s 1, 31, 6;
    %replicate 20;
    %load/vec4 v0x9790521c0_0;
    %parti/s 12, 20, 6;
    %concat/vec4; draw_concat_vec4
    %store/vec4 v0x979052120_0, 0, 32;
    %jmp T_3.8;
T_3.2 ;
    %load/vec4 v0x9790521c0_0;
    %parti/s 1, 31, 6;
    %replicate 20;
    %load/vec4 v0x9790521c0_0;
    %parti/s 7, 25, 6;
    %concat/vec4; draw_concat_vec4
    %load/vec4 v0x9790521c0_0;
    %parti/s 5, 7, 4;
    %concat/vec4; draw_concat_vec4
    %store/vec4 v0x979052120_0, 0, 32;
    %jmp T_3.8;
T_3.3 ;
    %load/vec4 v0x9790521c0_0;
    %parti/s 1, 31, 6;
    %replicate 19;
    %load/vec4 v0x9790521c0_0;
    %parti/s 1, 31, 6;
    %concat/vec4; draw_concat_vec4
    %load/vec4 v0x9790521c0_0;
    %parti/s 1, 7, 4;
    %concat/vec4; draw_concat_vec4
    %load/vec4 v0x9790521c0_0;
    %parti/s 6, 25, 6;
    %concat/vec4; draw_concat_vec4
    %load/vec4 v0x9790521c0_0;
    %parti/s 4, 8, 5;
    %concat/vec4; draw_concat_vec4
    %concati/vec4 0, 0, 1;
    %store/vec4 v0x979052120_0, 0, 32;
    %jmp T_3.8;
T_3.4 ;
    %load/vec4 v0x9790521c0_0;
    %parti/s 20, 12, 5;
    %concati/vec4 0, 0, 12;
    %store/vec4 v0x979052120_0, 0, 32;
    %jmp T_3.8;
T_3.5 ;
    %load/vec4 v0x9790521c0_0;
    %parti/s 20, 12, 5;
    %concati/vec4 0, 0, 12;
    %store/vec4 v0x979052120_0, 0, 32;
    %jmp T_3.8;
T_3.6 ;
    %load/vec4 v0x9790521c0_0;
    %parti/s 1, 31, 6;
    %replicate 11;
    %load/vec4 v0x9790521c0_0;
    %parti/s 1, 31, 6;
    %concat/vec4; draw_concat_vec4
    %load/vec4 v0x9790521c0_0;
    %parti/s 8, 12, 5;
    %concat/vec4; draw_concat_vec4
    %load/vec4 v0x9790521c0_0;
    %parti/s 1, 20, 6;
    %concat/vec4; draw_concat_vec4
    %load/vec4 v0x9790521c0_0;
    %parti/s 10, 21, 6;
    %concat/vec4; draw_concat_vec4
    %concati/vec4 0, 0, 1;
    %store/vec4 v0x979052120_0, 0, 32;
    %jmp T_3.8;
T_3.8 ;
    %pop/vec4 1;
    %jmp T_3;
    .thread T_3, $push;
    .scope S_0x978cd0000;
T_4 ;
    %wait E_0x978c76440;
    %load/vec4 v0x9790538e0_0;
    %flag_set/vec4 8;
    %jmp/0xz  T_4.0, 8;
    %pushi/vec4 0, 0, 32;
    %store/vec4 v0x9790535c0_0, 0, 32;
T_4.2 ; Top of for-loop
    %load/vec4 v0x9790535c0_0;
    %cmpi/s 32, 0, 32;
	  %jmp/0xz T_4.3, 5;
    %pushi/vec4 0, 0, 32;
    %ix/getv/s 3, v0x9790535c0_0;
    %ix/load 4, 0, 0; Constant delay
    %assign/vec4/a/d v0x979053840, 0, 4;
T_4.4 ; for-loop step statement
    %load/vec4 v0x9790535c0_0;
    %addi 1, 0, 32;
    %store/vec4 v0x9790535c0_0, 0, 32;
    %jmp T_4.2;
T_4.3 ; for-loop exit label
    %jmp T_4.1;
T_4.0 ;
    %load/vec4 v0x979053ac0_0;
    %flag_set/vec4 9;
    %flag_get/vec4 9;
    %jmp/0 T_4.7, 9;
    %load/vec4 v0x979053660_0;
    %pushi/vec4 0, 0, 5;
    %cmp/ne;
    %flag_get/vec4 4;
    %and;
T_4.7;
    %flag_set/vec4 8;
    %jmp/0xz  T_4.5, 8;
    %load/vec4 v0x979053b60_0;
    %load/vec4 v0x979053660_0;
    %pad/u 7;
    %ix/vec4 3;
    %ix/load 4, 0, 0; Constant delay
    %assign/vec4/a/d v0x979053840, 0, 4;
T_4.5 ;
T_4.1 ;
    %jmp T_4;
    .thread T_4;
    .scope S_0x102d95950;
T_5 ;
    %wait E_0x978c76240;
    %load/vec4 v0x979050c80_0;
    %dup/vec4;
    %pushi/vec4 0, 0, 2;
    %cmp/u;
    %jmp/1 T_5.0, 6;
    %dup/vec4;
    %pushi/vec4 1, 0, 2;
    %cmp/u;
    %jmp/1 T_5.1, 6;
    %dup/vec4;
    %pushi/vec4 2, 0, 2;
    %cmp/u;
    %jmp/1 T_5.2, 6;
    %pushi/vec4 0, 0, 4;
    %store/vec4 v0x979050be0_0, 0, 4;
    %jmp T_5.4;
T_5.0 ;
    %pushi/vec4 0, 0, 4;
    %store/vec4 v0x979050be0_0, 0, 4;
    %jmp T_5.4;
T_5.1 ;
    %pushi/vec4 1, 0, 4;
    %store/vec4 v0x979050be0_0, 0, 4;
    %jmp T_5.4;
T_5.2 ;
    %load/vec4 v0x979050d20_0;
    %dup/vec4;
    %pushi/vec4 0, 0, 3;
    %cmp/u;
    %jmp/1 T_5.5, 6;
    %dup/vec4;
    %pushi/vec4 7, 0, 3;
    %cmp/u;
    %jmp/1 T_5.6, 6;
    %dup/vec4;
    %pushi/vec4 6, 0, 3;
    %cmp/u;
    %jmp/1 T_5.7, 6;
    %dup/vec4;
    %pushi/vec4 4, 0, 3;
    %cmp/u;
    %jmp/1 T_5.8, 6;
    %dup/vec4;
    %pushi/vec4 1, 0, 3;
    %cmp/u;
    %jmp/1 T_5.9, 6;
    %dup/vec4;
    %pushi/vec4 5, 0, 3;
    %cmp/u;
    %jmp/1 T_5.10, 6;
    %dup/vec4;
    %pushi/vec4 2, 0, 3;
    %cmp/u;
    %jmp/1 T_5.11, 6;
    %pushi/vec4 0, 0, 4;
    %store/vec4 v0x979050be0_0, 0, 4;
    %jmp T_5.13;
T_5.5 ;
    %load/vec4 v0x979050dc0_0;
    %cmpi/e 32, 0, 7;
    %jmp/0xz  T_5.14, 4;
    %pushi/vec4 1, 0, 4;
    %store/vec4 v0x979050be0_0, 0, 4;
    %jmp T_5.15;
T_5.14 ;
    %pushi/vec4 0, 0, 4;
    %store/vec4 v0x979050be0_0, 0, 4;
T_5.15 ;
    %jmp T_5.13;
T_5.6 ;
    %pushi/vec4 2, 0, 4;
    %store/vec4 v0x979050be0_0, 0, 4;
    %jmp T_5.13;
T_5.7 ;
    %pushi/vec4 3, 0, 4;
    %store/vec4 v0x979050be0_0, 0, 4;
    %jmp T_5.13;
T_5.8 ;
    %pushi/vec4 4, 0, 4;
    %store/vec4 v0x979050be0_0, 0, 4;
    %jmp T_5.13;
T_5.9 ;
    %pushi/vec4 5, 0, 4;
    %store/vec4 v0x979050be0_0, 0, 4;
    %jmp T_5.13;
T_5.10 ;
    %pushi/vec4 6, 0, 4;
    %store/vec4 v0x979050be0_0, 0, 4;
    %jmp T_5.13;
T_5.11 ;
    %pushi/vec4 7, 0, 4;
    %store/vec4 v0x979050be0_0, 0, 4;
    %jmp T_5.13;
T_5.13 ;
    %pop/vec4 1;
    %jmp T_5.4;
T_5.4 ;
    %pop/vec4 1;
    %jmp T_5;
    .thread T_5, $push;
    .scope S_0x102d94da0;
T_6 ;
    %wait E_0x978c76280;
    %load/vec4 v0x979050fa0_0;
    %dup/vec4;
    %pushi/vec4 0, 0, 4;
    %cmp/u;
    %jmp/1 T_6.0, 6;
    %dup/vec4;
    %pushi/vec4 1, 0, 4;
    %cmp/u;
    %jmp/1 T_6.1, 6;
    %dup/vec4;
    %pushi/vec4 2, 0, 4;
    %cmp/u;
    %jmp/1 T_6.2, 6;
    %dup/vec4;
    %pushi/vec4 3, 0, 4;
    %cmp/u;
    %jmp/1 T_6.3, 6;
    %dup/vec4;
    %pushi/vec4 4, 0, 4;
    %cmp/u;
    %jmp/1 T_6.4, 6;
    %dup/vec4;
    %pushi/vec4 5, 0, 4;
    %cmp/u;
    %jmp/1 T_6.5, 6;
    %dup/vec4;
    %pushi/vec4 6, 0, 4;
    %cmp/u;
    %jmp/1 T_6.6, 6;
    %dup/vec4;
    %pushi/vec4 7, 0, 4;
    %cmp/u;
    %jmp/1 T_6.7, 6;
    %pushi/vec4 0, 0, 32;
    %store/vec4 v0x9790510e0_0, 0, 32;
    %jmp T_6.9;
T_6.0 ;
    %load/vec4 v0x979050f00_0;
    %load/vec4 v0x979051040_0;
    %add;
    %store/vec4 v0x9790510e0_0, 0, 32;
    %jmp T_6.9;
T_6.1 ;
    %load/vec4 v0x979050f00_0;
    %load/vec4 v0x979051040_0;
    %sub;
    %store/vec4 v0x9790510e0_0, 0, 32;
    %jmp T_6.9;
T_6.2 ;
    %load/vec4 v0x979050f00_0;
    %load/vec4 v0x979051040_0;
    %and;
    %store/vec4 v0x9790510e0_0, 0, 32;
    %jmp T_6.9;
T_6.3 ;
    %load/vec4 v0x979050f00_0;
    %load/vec4 v0x979051040_0;
    %or;
    %store/vec4 v0x9790510e0_0, 0, 32;
    %jmp T_6.9;
T_6.4 ;
    %load/vec4 v0x979050f00_0;
    %load/vec4 v0x979051040_0;
    %xor;
    %store/vec4 v0x9790510e0_0, 0, 32;
    %jmp T_6.9;
T_6.5 ;
    %load/vec4 v0x979050f00_0;
    %load/vec4 v0x979051040_0;
    %parti/s 5, 0, 2;
    %ix/vec4 4;
    %shiftl 4;
    %store/vec4 v0x9790510e0_0, 0, 32;
    %jmp T_6.9;
T_6.6 ;
    %load/vec4 v0x979050f00_0;
    %load/vec4 v0x979051040_0;
    %parti/s 5, 0, 2;
    %ix/vec4 4;
    %shiftr 4;
    %store/vec4 v0x9790510e0_0, 0, 32;
    %jmp T_6.9;
T_6.7 ;
    %load/vec4 v0x979050f00_0;
    %load/vec4 v0x979051040_0;
    %cmp/s;
    %flag_mov 8, 5;
    %jmp/0 T_6.10, 8;
    %pushi/vec4 1, 0, 32;
    %jmp/1 T_6.11, 8;
T_6.10 ; End of true expr.
    %pushi/vec4 0, 0, 32;
    %jmp/0 T_6.11, 8;
 ; End of false expr.
    %blend;
T_6.11;
    %store/vec4 v0x9790510e0_0, 0, 32;
    %jmp T_6.9;
T_6.9 ;
    %pop/vec4 1;
    %jmp T_6;
    .thread T_6, $push;
    .scope S_0x102d947d0;
T_7 ;
    %wait E_0x978c76340;
    %load/vec4 v0x979051b80_0;
    %flag_set/vec4 8;
    %jmp/0xz  T_7.0, 8;
    %load/vec4 v0x979051d60_0;
    %ix/getv 3, v0x9790519a0_0;
    %ix/load 4, 0, 0; Constant delay
    %assign/vec4/a/d v0x979051c20, 0, 4;
T_7.0 ;
    %jmp T_7;
    .thread T_7;
    .scope S_0x102d947d0;
T_8 ;
    %wait E_0x978c76300;
    %load/vec4 v0x979051ae0_0;
    %flag_set/vec4 8;
    %jmp/0xz  T_8.0, 8;
    %ix/getv 4, v0x9790519a0_0;
    %load/vec4a v0x979051c20, 4;
    %store/vec4 v0x979051cc0_0, 0, 32;
    %jmp T_8.1;
T_8.0 ;
    %pushi/vec4 0, 0, 32;
    %store/vec4 v0x979051cc0_0, 0, 32;
T_8.1 ;
    %jmp T_8;
    .thread T_8, $push;
    .scope S_0x978cd1c80;
T_9 ;
    %wait E_0x978c768c0;
    %load/vec4 v0x9790ea300_0;
    %flag_set/vec4 8;
    %jmp/0xz  T_9.0, 8;
    %pushi/vec4 0, 0, 32;
    %assign/vec4 v0x9790ea1c0_0, 0;
    %jmp T_9.1;
T_9.0 ;
    %load/vec4 v0x9790ea260_0;
    %flag_set/vec4 8;
    %jmp/0xz  T_9.2, 8;
    %load/vec4 v0x9790ea120_0;
    %assign/vec4 v0x9790ea1c0_0, 0;
T_9.2 ;
T_9.1 ;
    %jmp T_9;
    .thread T_9;
    .scope S_0x978cd1680;
T_10 ;
    %pushi/vec4 8388847, 0, 32;
    %ix/load 4, 0, 0;
    %flag_set/imm 4, 0;
    %store/vec4a v0x9790e8d20, 4, 0;
    %pushi/vec4 1048851, 0, 32;
    %ix/load 4, 1, 0;
    %flag_set/imm 4, 0;
    %store/vec4a v0x9790e8d20, 4, 0;
    %pushi/vec4 103809427, 0, 32;
    %ix/load 4, 2, 0;
    %flag_set/imm 4, 0;
    %store/vec4a v0x9790e8d20, 4, 0;
    %end;
    .thread T_10;
    .scope S_0x978cd1500;
T_11 ;
    %wait E_0x978c768c0;
    %load/vec4 v0x9790e8a00_0;
    %flag_set/vec4 8;
    %jmp/0xz  T_11.0, 8;
    %pushi/vec4 0, 0, 32;
    %assign/vec4 v0x9790e8960_0, 0;
    %pushi/vec4 0, 0, 32;
    %assign/vec4 v0x9790e8820_0, 0;
    %jmp T_11.1;
T_11.0 ;
    %load/vec4 v0x9790e86e0_0;
    %flag_set/vec4 8;
    %jmp/0xz  T_11.2, 8;
    %pushi/vec4 0, 0, 32;
    %assign/vec4 v0x9790e8960_0, 0;
    %pushi/vec4 0, 0, 32;
    %assign/vec4 v0x9790e8820_0, 0;
    %jmp T_11.3;
T_11.2 ;
    %load/vec4 v0x9790e8aa0_0;
    %nor/r;
    %flag_set/vec4 8;
    %jmp/0xz  T_11.4, 8;
    %load/vec4 v0x9790e88c0_0;
    %assign/vec4 v0x9790e8960_0, 0;
    %load/vec4 v0x9790e8780_0;
    %assign/vec4 v0x9790e8820_0, 0;
T_11.4 ;
T_11.3 ;
T_11.1 ;
    %jmp T_11;
    .thread T_11;
    .scope S_0x978cd1200;
T_12 ;
    %wait E_0x978c768c0;
    %load/vec4 v0x9790e5e00_0;
    %flag_set/vec4 8;
    %jmp/0xz  T_12.0, 8;
    %pushi/vec4 0, 0, 32;
    %store/vec4 v0x9790e5ae0_0, 0, 32;
T_12.2 ; Top of for-loop
    %load/vec4 v0x9790e5ae0_0;
    %cmpi/s 32, 0, 32;
	  %jmp/0xz T_12.3, 5;
    %pushi/vec4 0, 0, 32;
    %ix/getv/s 3, v0x9790e5ae0_0;
    %ix/load 4, 0, 0; Constant delay
    %assign/vec4/a/d v0x9790e5d60, 0, 4;
T_12.4 ; for-loop step statement
    %load/vec4 v0x9790e5ae0_0;
    %addi 1, 0, 32;
    %store/vec4 v0x9790e5ae0_0, 0, 32;
    %jmp T_12.2;
T_12.3 ; for-loop exit label
    %jmp T_12.1;
T_12.0 ;
    %load/vec4 v0x9790e5fe0_0;
    %flag_set/vec4 9;
    %flag_get/vec4 9;
    %jmp/0 T_12.7, 9;
    %load/vec4 v0x9790e5b80_0;
    %pushi/vec4 0, 0, 5;
    %cmp/ne;
    %flag_get/vec4 4;
    %and;
T_12.7;
    %flag_set/vec4 8;
    %jmp/0xz  T_12.5, 8;
    %load/vec4 v0x9790e6080_0;
    %load/vec4 v0x9790e5b80_0;
    %pad/u 7;
    %ix/vec4 3;
    %ix/load 4, 0, 0; Constant delay
    %assign/vec4/a/d v0x9790e5d60, 0, 4;
T_12.5 ;
T_12.1 ;
    %jmp T_12;
    .thread T_12;
    .scope S_0x978cd0f00;
T_13 ;
    %wait E_0x978c76a00;
    %pushi/vec4 0, 0, 1;
    %store/vec4 v0x9790e4820_0, 0, 1;
    %pushi/vec4 0, 0, 1;
    %store/vec4 v0x9790e4460_0, 0, 1;
    %pushi/vec4 0, 0, 1;
    %store/vec4 v0x9790e4640_0, 0, 1;
    %pushi/vec4 0, 0, 1;
    %store/vec4 v0x9790e46e0_0, 0, 1;
    %pushi/vec4 0, 0, 1;
    %store/vec4 v0x9790e4780_0, 0, 1;
    %pushi/vec4 0, 0, 1;
    %store/vec4 v0x9790e4500_0, 0, 1;
    %pushi/vec4 0, 0, 1;
    %store/vec4 v0x9790e45a0_0, 0, 1;
    %pushi/vec4 0, 0, 2;
    %store/vec4 v0x9790e43c0_0, 0, 2;
    %load/vec4 v0x9790e48c0_0;
    %dup/vec4;
    %pushi/vec4 51, 0, 7;
    %cmp/u;
    %jmp/1 T_13.0, 6;
    %dup/vec4;
    %pushi/vec4 19, 0, 7;
    %cmp/u;
    %jmp/1 T_13.1, 6;
    %dup/vec4;
    %pushi/vec4 3, 0, 7;
    %cmp/u;
    %jmp/1 T_13.2, 6;
    %dup/vec4;
    %pushi/vec4 35, 0, 7;
    %cmp/u;
    %jmp/1 T_13.3, 6;
    %dup/vec4;
    %pushi/vec4 99, 0, 7;
    %cmp/u;
    %jmp/1 T_13.4, 6;
    %dup/vec4;
    %pushi/vec4 111, 0, 7;
    %cmp/u;
    %jmp/1 T_13.5, 6;
    %dup/vec4;
    %pushi/vec4 55, 0, 7;
    %cmp/u;
    %jmp/1 T_13.6, 6;
    %jmp T_13.7;
T_13.0 ;
    %pushi/vec4 1, 0, 1;
    %store/vec4 v0x9790e4820_0, 0, 1;
    %pushi/vec4 2, 0, 2;
    %store/vec4 v0x9790e43c0_0, 0, 2;
    %jmp T_13.7;
T_13.1 ;
    %pushi/vec4 1, 0, 1;
    %store/vec4 v0x9790e4820_0, 0, 1;
    %pushi/vec4 1, 0, 1;
    %store/vec4 v0x9790e4460_0, 0, 1;
    %pushi/vec4 2, 0, 2;
    %store/vec4 v0x9790e43c0_0, 0, 2;
    %jmp T_13.7;
T_13.2 ;
    %pushi/vec4 1, 0, 1;
    %store/vec4 v0x9790e4820_0, 0, 1;
    %pushi/vec4 1, 0, 1;
    %store/vec4 v0x9790e4460_0, 0, 1;
    %pushi/vec4 1, 0, 1;
    %store/vec4 v0x9790e4640_0, 0, 1;
    %pushi/vec4 1, 0, 1;
    %store/vec4 v0x9790e4780_0, 0, 1;
    %pushi/vec4 0, 0, 2;
    %store/vec4 v0x9790e43c0_0, 0, 2;
    %jmp T_13.7;
T_13.3 ;
    %pushi/vec4 1, 0, 1;
    %store/vec4 v0x9790e4460_0, 0, 1;
    %pushi/vec4 1, 0, 1;
    %store/vec4 v0x9790e46e0_0, 0, 1;
    %pushi/vec4 0, 0, 2;
    %store/vec4 v0x9790e43c0_0, 0, 2;
    %jmp T_13.7;
T_13.4 ;
    %pushi/vec4 1, 0, 1;
    %store/vec4 v0x9790e4500_0, 0, 1;
    %pushi/vec4 1, 0, 2;
    %store/vec4 v0x9790e43c0_0, 0, 2;
    %jmp T_13.7;
T_13.5 ;
    %pushi/vec4 1, 0, 1;
    %store/vec4 v0x9790e45a0_0, 0, 1;
    %pushi/vec4 1, 0, 1;
    %store/vec4 v0x9790e4820_0, 0, 1;
    %jmp T_13.7;
T_13.6 ;
    %pushi/vec4 1, 0, 1;
    %store/vec4 v0x9790e4820_0, 0, 1;
    %pushi/vec4 1, 0, 1;
    %store/vec4 v0x9790e4460_0, 0, 1;
    %jmp T_13.7;
T_13.7 ;
    %pop/vec4 1;
    %jmp T_13;
    .thread T_13, $push;
    .scope S_0x978cd1080;
T_14 ;
    %wait E_0x978c76a80;
    %load/vec4 v0x9790e4aa0_0;
    %dup/vec4;
    %pushi/vec4 19, 0, 7;
    %cmp/u;
    %jmp/1 T_14.0, 6;
    %dup/vec4;
    %pushi/vec4 3, 0, 7;
    %cmp/u;
    %jmp/1 T_14.1, 6;
    %dup/vec4;
    %pushi/vec4 35, 0, 7;
    %cmp/u;
    %jmp/1 T_14.2, 6;
    %dup/vec4;
    %pushi/vec4 99, 0, 7;
    %cmp/u;
    %jmp/1 T_14.3, 6;
    %dup/vec4;
    %pushi/vec4 55, 0, 7;
    %cmp/u;
    %jmp/1 T_14.4, 6;
    %dup/vec4;
    %pushi/vec4 23, 0, 7;
    %cmp/u;
    %jmp/1 T_14.5, 6;
    %dup/vec4;
    %pushi/vec4 111, 0, 7;
    %cmp/u;
    %jmp/1 T_14.6, 6;
    %pushi/vec4 0, 0, 32;
    %store/vec4 v0x9790e4960_0, 0, 32;
    %jmp T_14.8;
T_14.0 ;
    %load/vec4 v0x9790e4a00_0;
    %parti/s 1, 31, 6;
    %replicate 20;
    %load/vec4 v0x9790e4a00_0;
    %parti/s 12, 20, 6;
    %concat/vec4; draw_concat_vec4
    %store/vec4 v0x9790e4960_0, 0, 32;
    %jmp T_14.8;
T_14.1 ;
    %load/vec4 v0x9790e4a00_0;
    %parti/s 1, 31, 6;
    %replicate 20;
    %load/vec4 v0x9790e4a00_0;
    %parti/s 12, 20, 6;
    %concat/vec4; draw_concat_vec4
    %store/vec4 v0x9790e4960_0, 0, 32;
    %jmp T_14.8;
T_14.2 ;
    %load/vec4 v0x9790e4a00_0;
    %parti/s 1, 31, 6;
    %replicate 20;
    %load/vec4 v0x9790e4a00_0;
    %parti/s 7, 25, 6;
    %concat/vec4; draw_concat_vec4
    %load/vec4 v0x9790e4a00_0;
    %parti/s 5, 7, 4;
    %concat/vec4; draw_concat_vec4
    %store/vec4 v0x9790e4960_0, 0, 32;
    %jmp T_14.8;
T_14.3 ;
    %load/vec4 v0x9790e4a00_0;
    %parti/s 1, 31, 6;
    %replicate 19;
    %load/vec4 v0x9790e4a00_0;
    %parti/s 1, 31, 6;
    %concat/vec4; draw_concat_vec4
    %load/vec4 v0x9790e4a00_0;
    %parti/s 1, 7, 4;
    %concat/vec4; draw_concat_vec4
    %load/vec4 v0x9790e4a00_0;
    %parti/s 6, 25, 6;
    %concat/vec4; draw_concat_vec4
    %load/vec4 v0x9790e4a00_0;
    %parti/s 4, 8, 5;
    %concat/vec4; draw_concat_vec4
    %concati/vec4 0, 0, 1;
    %store/vec4 v0x9790e4960_0, 0, 32;
    %jmp T_14.8;
T_14.4 ;
    %load/vec4 v0x9790e4a00_0;
    %parti/s 20, 12, 5;
    %concati/vec4 0, 0, 12;
    %store/vec4 v0x9790e4960_0, 0, 32;
    %jmp T_14.8;
T_14.5 ;
    %load/vec4 v0x9790e4a00_0;
    %parti/s 20, 12, 5;
    %concati/vec4 0, 0, 12;
    %store/vec4 v0x9790e4960_0, 0, 32;
    %jmp T_14.8;
T_14.6 ;
    %load/vec4 v0x9790e4a00_0;
    %parti/s 1, 31, 6;
    %replicate 11;
    %load/vec4 v0x9790e4a00_0;
    %parti/s 1, 31, 6;
    %concat/vec4; draw_concat_vec4
    %load/vec4 v0x9790e4a00_0;
    %parti/s 8, 12, 5;
    %concat/vec4; draw_concat_vec4
    %load/vec4 v0x9790e4a00_0;
    %parti/s 1, 20, 6;
    %concat/vec4; draw_concat_vec4
    %load/vec4 v0x9790e4a00_0;
    %parti/s 10, 21, 6;
    %concat/vec4; draw_concat_vec4
    %concati/vec4 0, 0, 1;
    %store/vec4 v0x9790e4960_0, 0, 32;
    %jmp T_14.8;
T_14.8 ;
    %pop/vec4 1;
    %jmp T_14;
    .thread T_14, $push;
    .scope S_0x978cd0c00;
T_15 ;
    %wait E_0x978c769c0;
    %load/vec4 v0x9790e40a0_0;
    %flag_set/vec4 10;
    %flag_get/vec4 10;
    %jmp/0 T_15.3, 10;
    %load/vec4 v0x9790e4140_0;
    %pushi/vec4 0, 0, 5;
    %cmp/ne;
    %flag_get/vec4 4;
    %and;
T_15.3;
    %flag_set/vec4 9;
    %flag_get/vec4 9;
    %jmp/0 T_15.2, 9;
    %load/vec4 v0x9790e4140_0;
    %load/vec4 v0x9790e41e0_0;
    %cmp/e;
    %flag_get/vec4 4;
    %jmp/1 T_15.4, 4;
    %load/vec4 v0x9790e4140_0;
    %load/vec4 v0x9790e4280_0;
    %cmp/e;
    %flag_get/vec4 4;
    %or;
T_15.4;
    %and;
T_15.2;
    %flag_set/vec4 8;
    %jmp/0xz  T_15.0, 8;
    %pushi/vec4 1, 0, 1;
    %store/vec4 v0x9790e4320_0, 0, 1;
    %jmp T_15.1;
T_15.0 ;
    %pushi/vec4 0, 0, 1;
    %store/vec4 v0x9790e4320_0, 0, 1;
T_15.1 ;
    %jmp T_15;
    .thread T_15, $push;
    .scope S_0x978cd1380;
T_16 ;
    %wait E_0x978c768c0;
    %load/vec4 v0x9790e8320_0;
    %flag_set/vec4 8;
    %jmp/1 T_16.2, 8;
    %load/vec4 v0x9790e7980_0;
    %flag_set/vec4 9;
    %flag_or 8, 9;
T_16.2;
    %jmp/0xz  T_16.0, 8;
    %pushi/vec4 0, 0, 32;
    %assign/vec4 v0x9790e7e80_0, 0;
    %pushi/vec4 0, 0, 32;
    %assign/vec4 v0x9790e8140_0, 0;
    %pushi/vec4 0, 0, 32;
    %assign/vec4 v0x9790e8280_0, 0;
    %pushi/vec4 0, 0, 32;
    %assign/vec4 v0x9790e7d40_0, 0;
    %pushi/vec4 0, 0, 5;
    %assign/vec4 v0x9790e8460_0, 0;
    %pushi/vec4 0, 0, 5;
    %assign/vec4 v0x9790e85a0_0, 0;
    %pushi/vec4 0, 0, 5;
    %assign/vec4 v0x9790e8000_0, 0;
    %pushi/vec4 0, 0, 3;
    %assign/vec4 v0x9790e7ac0_0, 0;
    %pushi/vec4 0, 0, 7;
    %assign/vec4 v0x9790e7c00_0, 0;
    %pushi/vec4 0, 0, 1;
    %assign/vec4 v0x9790e7840_0, 0;
    %pushi/vec4 0, 0, 1;
    %assign/vec4 v0x9790e70c0_0, 0;
    %pushi/vec4 0, 0, 1;
    %assign/vec4 v0x9790e7480_0, 0;
    %pushi/vec4 0, 0, 1;
    %assign/vec4 v0x9790e75c0_0, 0;
    %pushi/vec4 0, 0, 1;
    %assign/vec4 v0x9790e7700_0, 0;
    %pushi/vec4 0, 0, 1;
    %assign/vec4 v0x9790e7200_0, 0;
    %pushi/vec4 0, 0, 1;
    %assign/vec4 v0x9790e7340_0, 0;
    %pushi/vec4 0, 0, 2;
    %assign/vec4 v0x9790e6f80_0, 0;
    %jmp T_16.1;
T_16.0 ;
    %load/vec4 v0x9790e7de0_0;
    %assign/vec4 v0x9790e7e80_0, 0;
    %load/vec4 v0x9790e80a0_0;
    %assign/vec4 v0x9790e8140_0, 0;
    %load/vec4 v0x9790e81e0_0;
    %assign/vec4 v0x9790e8280_0, 0;
    %load/vec4 v0x9790e7ca0_0;
    %assign/vec4 v0x9790e7d40_0, 0;
    %load/vec4 v0x9790e83c0_0;
    %assign/vec4 v0x9790e8460_0, 0;
    %load/vec4 v0x9790e8500_0;
    %assign/vec4 v0x9790e85a0_0, 0;
    %load/vec4 v0x9790e7f20_0;
    %assign/vec4 v0x9790e8000_0, 0;
    %load/vec4 v0x9790e7a20_0;
    %assign/vec4 v0x9790e7ac0_0, 0;
    %load/vec4 v0x9790e7b60_0;
    %assign/vec4 v0x9790e7c00_0, 0;
    %load/vec4 v0x9790e77a0_0;
    %assign/vec4 v0x9790e7840_0, 0;
    %load/vec4 v0x9790e7020_0;
    %assign/vec4 v0x9790e70c0_0, 0;
    %load/vec4 v0x9790e73e0_0;
    %assign/vec4 v0x9790e7480_0, 0;
    %load/vec4 v0x9790e7520_0;
    %assign/vec4 v0x9790e75c0_0, 0;
    %load/vec4 v0x9790e7660_0;
    %assign/vec4 v0x9790e7700_0, 0;
    %load/vec4 v0x9790e7160_0;
    %assign/vec4 v0x9790e7200_0, 0;
    %load/vec4 v0x9790e72a0_0;
    %assign/vec4 v0x9790e7340_0, 0;
    %load/vec4 v0x9790e6ee0_0;
    %assign/vec4 v0x9790e6f80_0, 0;
T_16.1 ;
    %jmp T_16;
    .thread T_16;
    .scope S_0x978cd0a80;
T_17 ;
    %wait E_0x978c76980;
    %load/vec4 v0x9790e3c00_0;
    %flag_set/vec4 10;
    %flag_get/vec4 10;
    %jmp/0 T_17.3, 10;
    %load/vec4 v0x9790e3b60_0;
    %pushi/vec4 0, 0, 5;
    %cmp/ne;
    %flag_get/vec4 4;
    %and;
T_17.3;
    %flag_set/vec4 9;
    %flag_get/vec4 9;
    %jmp/0 T_17.2, 9;
    %load/vec4 v0x9790e3b60_0;
    %load/vec4 v0x9790e3de0_0;
    %cmp/e;
    %flag_get/vec4 4;
    %and;
T_17.2;
    %flag_set/vec4 8;
    %jmp/0xz  T_17.0, 8;
    %pushi/vec4 2, 0, 2;
    %store/vec4 v0x9790e3ca0_0, 0, 2;
    %jmp T_17.1;
T_17.0 ;
    %load/vec4 v0x9790e4000_0;
    %flag_set/vec4 10;
    %flag_get/vec4 10;
    %jmp/0 T_17.7, 10;
    %load/vec4 v0x9790e3f20_0;
    %pushi/vec4 0, 0, 5;
    %cmp/ne;
    %flag_get/vec4 4;
    %and;
T_17.7;
    %flag_set/vec4 9;
    %flag_get/vec4 9;
    %jmp/0 T_17.6, 9;
    %load/vec4 v0x9790e3f20_0;
    %load/vec4 v0x9790e3de0_0;
    %cmp/e;
    %flag_get/vec4 4;
    %and;
T_17.6;
    %flag_set/vec4 8;
    %jmp/0xz  T_17.4, 8;
    %pushi/vec4 1, 0, 2;
    %store/vec4 v0x9790e3ca0_0, 0, 2;
    %jmp T_17.5;
T_17.4 ;
    %pushi/vec4 0, 0, 2;
    %store/vec4 v0x9790e3ca0_0, 0, 2;
T_17.5 ;
T_17.1 ;
    %load/vec4 v0x9790e3c00_0;
    %flag_set/vec4 10;
    %flag_get/vec4 10;
    %jmp/0 T_17.11, 10;
    %load/vec4 v0x9790e3b60_0;
    %pushi/vec4 0, 0, 5;
    %cmp/ne;
    %flag_get/vec4 4;
    %and;
T_17.11;
    %flag_set/vec4 9;
    %flag_get/vec4 9;
    %jmp/0 T_17.10, 9;
    %load/vec4 v0x9790e3b60_0;
    %load/vec4 v0x9790e3e80_0;
    %cmp/e;
    %flag_get/vec4 4;
    %and;
T_17.10;
    %flag_set/vec4 8;
    %jmp/0xz  T_17.8, 8;
    %pushi/vec4 2, 0, 2;
    %store/vec4 v0x9790e3d40_0, 0, 2;
    %jmp T_17.9;
T_17.8 ;
    %load/vec4 v0x9790e4000_0;
    %flag_set/vec4 10;
    %flag_get/vec4 10;
    %jmp/0 T_17.15, 10;
    %load/vec4 v0x9790e3f20_0;
    %pushi/vec4 0, 0, 5;
    %cmp/ne;
    %flag_get/vec4 4;
    %and;
T_17.15;
    %flag_set/vec4 9;
    %flag_get/vec4 9;
    %jmp/0 T_17.14, 9;
    %load/vec4 v0x9790e3f20_0;
    %load/vec4 v0x9790e3e80_0;
    %cmp/e;
    %flag_get/vec4 4;
    %and;
T_17.14;
    %flag_set/vec4 8;
    %jmp/0xz  T_17.12, 8;
    %pushi/vec4 1, 0, 2;
    %store/vec4 v0x9790e3d40_0, 0, 2;
    %jmp T_17.13;
T_17.12 ;
    %pushi/vec4 0, 0, 2;
    %store/vec4 v0x9790e3d40_0, 0, 2;
T_17.13 ;
T_17.9 ;
    %jmp T_17;
    .thread T_17, $push;
    .scope S_0x978cd0480;
T_18 ;
    %wait E_0x978c767c0;
    %load/vec4 v0x9790e0f00_0;
    %dup/vec4;
    %pushi/vec4 0, 0, 2;
    %cmp/u;
    %jmp/1 T_18.0, 6;
    %dup/vec4;
    %pushi/vec4 1, 0, 2;
    %cmp/u;
    %jmp/1 T_18.1, 6;
    %dup/vec4;
    %pushi/vec4 2, 0, 2;
    %cmp/u;
    %jmp/1 T_18.2, 6;
    %pushi/vec4 0, 0, 4;
    %store/vec4 v0x9790e0e60_0, 0, 4;
    %jmp T_18.4;
T_18.0 ;
    %pushi/vec4 0, 0, 4;
    %store/vec4 v0x9790e0e60_0, 0, 4;
    %jmp T_18.4;
T_18.1 ;
    %pushi/vec4 1, 0, 4;
    %store/vec4 v0x9790e0e60_0, 0, 4;
    %jmp T_18.4;
T_18.2 ;
    %load/vec4 v0x9790e0fa0_0;
    %dup/vec4;
    %pushi/vec4 0, 0, 3;
    %cmp/u;
    %jmp/1 T_18.5, 6;
    %dup/vec4;
    %pushi/vec4 7, 0, 3;
    %cmp/u;
    %jmp/1 T_18.6, 6;
    %dup/vec4;
    %pushi/vec4 6, 0, 3;
    %cmp/u;
    %jmp/1 T_18.7, 6;
    %dup/vec4;
    %pushi/vec4 4, 0, 3;
    %cmp/u;
    %jmp/1 T_18.8, 6;
    %dup/vec4;
    %pushi/vec4 1, 0, 3;
    %cmp/u;
    %jmp/1 T_18.9, 6;
    %dup/vec4;
    %pushi/vec4 5, 0, 3;
    %cmp/u;
    %jmp/1 T_18.10, 6;
    %dup/vec4;
    %pushi/vec4 2, 0, 3;
    %cmp/u;
    %jmp/1 T_18.11, 6;
    %pushi/vec4 0, 0, 4;
    %store/vec4 v0x9790e0e60_0, 0, 4;
    %jmp T_18.13;
T_18.5 ;
    %load/vec4 v0x9790e1040_0;
    %cmpi/e 32, 0, 7;
    %jmp/0xz  T_18.14, 4;
    %pushi/vec4 1, 0, 4;
    %store/vec4 v0x9790e0e60_0, 0, 4;
    %jmp T_18.15;
T_18.14 ;
    %pushi/vec4 0, 0, 4;
    %store/vec4 v0x9790e0e60_0, 0, 4;
T_18.15 ;
    %jmp T_18.13;
T_18.6 ;
    %pushi/vec4 2, 0, 4;
    %store/vec4 v0x9790e0e60_0, 0, 4;
    %jmp T_18.13;
T_18.7 ;
    %pushi/vec4 3, 0, 4;
    %store/vec4 v0x9790e0e60_0, 0, 4;
    %jmp T_18.13;
T_18.8 ;
    %pushi/vec4 4, 0, 4;
    %store/vec4 v0x9790e0e60_0, 0, 4;
    %jmp T_18.13;
T_18.9 ;
    %pushi/vec4 5, 0, 4;
    %store/vec4 v0x9790e0e60_0, 0, 4;
    %jmp T_18.13;
T_18.10 ;
    %pushi/vec4 6, 0, 4;
    %store/vec4 v0x9790e0e60_0, 0, 4;
    %jmp T_18.13;
T_18.11 ;
    %pushi/vec4 7, 0, 4;
    %store/vec4 v0x9790e0e60_0, 0, 4;
    %jmp T_18.13;
T_18.13 ;
    %pop/vec4 1;
    %jmp T_18.4;
T_18.4 ;
    %pop/vec4 1;
    %jmp T_18;
    .thread T_18, $push;
    .scope S_0x978cd0600;
T_19 ;
    %wait E_0x978c76800;
    %load/vec4 v0x9790e1220_0;
    %dup/vec4;
    %pushi/vec4 0, 0, 4;
    %cmp/u;
    %jmp/1 T_19.0, 6;
    %dup/vec4;
    %pushi/vec4 1, 0, 4;
    %cmp/u;
    %jmp/1 T_19.1, 6;
    %dup/vec4;
    %pushi/vec4 2, 0, 4;
    %cmp/u;
    %jmp/1 T_19.2, 6;
    %dup/vec4;
    %pushi/vec4 3, 0, 4;
    %cmp/u;
    %jmp/1 T_19.3, 6;
    %dup/vec4;
    %pushi/vec4 4, 0, 4;
    %cmp/u;
    %jmp/1 T_19.4, 6;
    %dup/vec4;
    %pushi/vec4 5, 0, 4;
    %cmp/u;
    %jmp/1 T_19.5, 6;
    %dup/vec4;
    %pushi/vec4 6, 0, 4;
    %cmp/u;
    %jmp/1 T_19.6, 6;
    %dup/vec4;
    %pushi/vec4 7, 0, 4;
    %cmp/u;
    %jmp/1 T_19.7, 6;
    %pushi/vec4 0, 0, 32;
    %store/vec4 v0x9790e1360_0, 0, 32;
    %jmp T_19.9;
T_19.0 ;
    %load/vec4 v0x9790e1180_0;
    %load/vec4 v0x9790e12c0_0;
    %add;
    %store/vec4 v0x9790e1360_0, 0, 32;
    %jmp T_19.9;
T_19.1 ;
    %load/vec4 v0x9790e1180_0;
    %load/vec4 v0x9790e12c0_0;
    %sub;
    %store/vec4 v0x9790e1360_0, 0, 32;
    %jmp T_19.9;
T_19.2 ;
    %load/vec4 v0x9790e1180_0;
    %load/vec4 v0x9790e12c0_0;
    %and;
    %store/vec4 v0x9790e1360_0, 0, 32;
    %jmp T_19.9;
T_19.3 ;
    %load/vec4 v0x9790e1180_0;
    %load/vec4 v0x9790e12c0_0;
    %or;
    %store/vec4 v0x9790e1360_0, 0, 32;
    %jmp T_19.9;
T_19.4 ;
    %load/vec4 v0x9790e1180_0;
    %load/vec4 v0x9790e12c0_0;
    %xor;
    %store/vec4 v0x9790e1360_0, 0, 32;
    %jmp T_19.9;
T_19.5 ;
    %load/vec4 v0x9790e1180_0;
    %load/vec4 v0x9790e12c0_0;
    %parti/s 5, 0, 2;
    %ix/vec4 4;
    %shiftl 4;
    %store/vec4 v0x9790e1360_0, 0, 32;
    %jmp T_19.9;
T_19.6 ;
    %load/vec4 v0x9790e1180_0;
    %load/vec4 v0x9790e12c0_0;
    %parti/s 5, 0, 2;
    %ix/vec4 4;
    %shiftr 4;
    %store/vec4 v0x9790e1360_0, 0, 32;
    %jmp T_19.9;
T_19.7 ;
    %load/vec4 v0x9790e1180_0;
    %load/vec4 v0x9790e12c0_0;
    %cmp/s;
    %flag_mov 8, 5;
    %jmp/0 T_19.10, 8;
    %pushi/vec4 1, 0, 32;
    %jmp/1 T_19.11, 8;
T_19.10 ; End of true expr.
    %pushi/vec4 0, 0, 32;
    %jmp/0 T_19.11, 8;
 ; End of false expr.
    %blend;
T_19.11;
    %store/vec4 v0x9790e1360_0, 0, 32;
    %jmp T_19.9;
T_19.9 ;
    %pop/vec4 1;
    %jmp T_19;
    .thread T_19, $push;
    .scope S_0x978cd0900;
T_20 ;
    %wait E_0x978c768c0;
    %load/vec4 v0x9790e3980_0;
    %flag_set/vec4 8;
    %jmp/0xz  T_20.0, 8;
    %pushi/vec4 0, 0, 32;
    %assign/vec4 v0x9790e3340_0, 0;
    %pushi/vec4 0, 0, 32;
    %assign/vec4 v0x9790e3ac0_0, 0;
    %pushi/vec4 0, 0, 5;
    %assign/vec4 v0x9790e38e0_0, 0;
    %pushi/vec4 0, 0, 32;
    %assign/vec4 v0x9790e35c0_0, 0;
    %pushi/vec4 0, 0, 1;
    %assign/vec4 v0x9790e3480_0, 0;
    %pushi/vec4 0, 0, 32;
    %assign/vec4 v0x9790e37a0_0, 0;
    %pushi/vec4 0, 0, 1;
    %assign/vec4 v0x9790e3200_0, 0;
    %pushi/vec4 0, 0, 1;
    %assign/vec4 v0x9790e2e40_0, 0;
    %pushi/vec4 0, 0, 1;
    %assign/vec4 v0x9790e2f80_0, 0;
    %pushi/vec4 0, 0, 1;
    %assign/vec4 v0x9790e30c0_0, 0;
    %pushi/vec4 0, 0, 1;
    %assign/vec4 v0x9790e2bc0_0, 0;
    %pushi/vec4 0, 0, 1;
    %assign/vec4 v0x9790e2d00_0, 0;
    %jmp T_20.1;
T_20.0 ;
    %load/vec4 v0x9790e32a0_0;
    %assign/vec4 v0x9790e3340_0, 0;
    %load/vec4 v0x9790e3a20_0;
    %assign/vec4 v0x9790e3ac0_0, 0;
    %load/vec4 v0x9790e3840_0;
    %assign/vec4 v0x9790e38e0_0, 0;
    %load/vec4 v0x9790e3520_0;
    %assign/vec4 v0x9790e35c0_0, 0;
    %load/vec4 v0x9790e33e0_0;
    %assign/vec4 v0x9790e3480_0, 0;
    %load/vec4 v0x9790e3700_0;
    %assign/vec4 v0x9790e37a0_0, 0;
    %load/vec4 v0x9790e3160_0;
    %assign/vec4 v0x9790e3200_0, 0;
    %load/vec4 v0x9790e2da0_0;
    %assign/vec4 v0x9790e2e40_0, 0;
    %load/vec4 v0x9790e2ee0_0;
    %assign/vec4 v0x9790e2f80_0, 0;
    %load/vec4 v0x9790e3020_0;
    %assign/vec4 v0x9790e30c0_0, 0;
    %load/vec4 v0x9790e2b20_0;
    %assign/vec4 v0x9790e2bc0_0, 0;
    %load/vec4 v0x9790e2c60_0;
    %assign/vec4 v0x9790e2d00_0, 0;
T_20.1 ;
    %jmp T_20;
    .thread T_20;
    .scope S_0x978cd1980;
T_21 ;
    %wait E_0x978c77040;
    %load/vec4 v0x9790e9040_0;
    %flag_set/vec4 8;
    %jmp/0xz  T_21.0, 8;
    %load/vec4 v0x9790e9220_0;
    %ix/getv 3, v0x9790e8e60_0;
    %ix/load 4, 0, 0; Constant delay
    %assign/vec4/a/d v0x9790e90e0, 0, 4;
T_21.0 ;
    %jmp T_21;
    .thread T_21;
    .scope S_0x978cd1980;
T_22 ;
    %wait E_0x978c77000;
    %load/vec4 v0x9790e8fa0_0;
    %flag_set/vec4 8;
    %jmp/0xz  T_22.0, 8;
    %ix/getv 4, v0x9790e8e60_0;
    %load/vec4a v0x9790e90e0, 4;
    %store/vec4 v0x9790e9180_0, 0, 32;
    %jmp T_22.1;
T_22.0 ;
    %pushi/vec4 0, 0, 32;
    %store/vec4 v0x9790e9180_0, 0, 32;
T_22.1 ;
    %jmp T_22;
    .thread T_22, $push;
    .scope S_0x978cd1b00;
T_23 ;
    %wait E_0x978c768c0;
    %load/vec4 v0x9790e9fe0_0;
    %flag_set/vec4 8;
    %jmp/0xz  T_23.0, 8;
    %pushi/vec4 0, 0, 32;
    %assign/vec4 v0x9790e9f40_0, 0;
    %pushi/vec4 0, 0, 32;
    %assign/vec4 v0x9790e9ae0_0, 0;
    %pushi/vec4 0, 0, 32;
    %assign/vec4 v0x9790e9cc0_0, 0;
    %pushi/vec4 0, 0, 5;
    %assign/vec4 v0x9790e9e00_0, 0;
    %pushi/vec4 0, 0, 1;
    %assign/vec4 v0x9790e99a0_0, 0;
    %pushi/vec4 0, 0, 1;
    %assign/vec4 v0x9790e9860_0, 0;
    %pushi/vec4 0, 0, 1;
    %assign/vec4 v0x9790e9720_0, 0;
    %jmp T_23.1;
T_23.0 ;
    %load/vec4 v0x9790e9ea0_0;
    %assign/vec4 v0x9790e9f40_0, 0;
    %load/vec4 v0x9790e9a40_0;
    %assign/vec4 v0x9790e9ae0_0, 0;
    %load/vec4 v0x9790e9c20_0;
    %assign/vec4 v0x9790e9cc0_0, 0;
    %load/vec4 v0x9790e9d60_0;
    %assign/vec4 v0x9790e9e00_0, 0;
    %load/vec4 v0x9790e9900_0;
    %assign/vec4 v0x9790e99a0_0, 0;
    %load/vec4 v0x9790e97c0_0;
    %assign/vec4 v0x9790e9860_0, 0;
    %load/vec4 v0x9790e9680_0;
    %assign/vec4 v0x9790e9720_0, 0;
T_23.1 ;
    %jmp T_23;
    .thread T_23;
    .scope S_0x102d957d0;
T_24 ;
    %delay 5000, 0;
    %load/vec4 v0x9790f1860_0;
    %inv;
    %store/vec4 v0x9790f1860_0, 0, 1;
    %jmp T_24;
    .thread T_24;
    .scope S_0x102d957d0;
T_25 ;
    %pushi/vec4 5243027, 0, 32;
    %ix/load 4, 0, 0;
    %flag_set/imm 4, 0;
    %store/vec4a v0x9790e8d20, 4, 0;
    %pushi/vec4 1081651, 0, 32;
    %ix/load 4, 1, 0;
    %flag_set/imm 4, 0;
    %store/vec4a v0x9790e8d20, 4, 0;
    %pushi/vec4 65939, 0, 32;
    %ix/load 4, 2, 0;
    %flag_set/imm 4, 0;
    %store/vec4a v0x9790e8d20, 4, 0;
    %pushi/vec4 2138147, 0, 32;
    %ix/load 4, 3, 0;
    %flag_set/imm 4, 0;
    %store/vec4a v0x9790e8d20, 4, 0;
    %pushi/vec4 41475, 0, 32;
    %ix/load 4, 4, 0;
    %flag_set/imm 4, 0;
    %store/vec4a v0x9790e8d20, 4, 0;
    %pushi/vec4 131731, 0, 32;
    %ix/load 4, 5, 0;
    %flag_set/imm 4, 0;
    %store/vec4a v0x9790e8d20, 4, 0;
    %pushi/vec4 1082467, 0, 32;
    %ix/load 4, 6, 0;
    %flag_set/imm 4, 0;
    %store/vec4a v0x9790e8d20, 4, 0;
    %pushi/vec4 89129747, 0, 32;
    %ix/load 4, 7, 0;
    %flag_set/imm 4, 0;
    %store/vec4a v0x9790e8d20, 4, 0;
    %pushi/vec4 103809939, 0, 32;
    %ix/load 4, 8, 0;
    %flag_set/imm 4, 0;
    %store/vec4a v0x9790e8d20, 4, 0;
    %vpi_call/w 13 36 "$dumpfile", "pipeline.vcd" {0 0 0};
    %vpi_call/w 13 37 "$dumpvars", 32'sb00000000000000000000000000000000, S_0x102d957d0 {0 0 0};
    %pushi/vec4 0, 0, 1;
    %store/vec4 v0x9790f1860_0, 0, 1;
    %pushi/vec4 1, 0, 1;
    %store/vec4 v0x9790f1900_0, 0, 1;
    %delay 10000, 0;
    %pushi/vec4 0, 0, 1;
    %store/vec4 v0x9790f1900_0, 0, 1;
    %delay 200000, 0;
    %vpi_call/w 13 47 "$display", "---------------------------------------------" {0 0 0};
    %vpi_call/w 13 48 "$display", "x1 = %0d (expect 5)", &A<v0x9790e5d60, 1> {0 0 0};
    %vpi_call/w 13 49 "$display", "x2 = %0d (expect 10)", &A<v0x9790e5d60, 2> {0 0 0};
    %vpi_call/w 13 50 "$display", "x3 = %0d (expect 10)", &A<v0x9790e5d60, 3> {0 0 0};
    %vpi_call/w 13 51 "$display", "x4 = %0d (expect 10)", &A<v0x9790e5d60, 4> {0 0 0};
    %vpi_call/w 13 52 "$display", "x5 = %0d (expect 10)", &A<v0x9790e5d60, 5> {0 0 0};
    %vpi_call/w 13 53 "$display", "x6 = %0d (expect 0, must be skipped by branch)", &A<v0x9790e5d60, 6> {0 0 0};
    %vpi_call/w 13 54 "$display", "x7 = %0d (expect 99)", &A<v0x9790e5d60, 7> {0 0 0};
    %vpi_call/w 13 55 "$display", "---------------------------------------------" {0 0 0};
    %vpi_call/w 13 57 "$finish" {0 0 0};
    %end;
    .thread T_25;
# The file index is used to find the file name in the following table.
:file_names 25;
    "N/A";
    "<interactive>";
    "-";
    "rtl/cpu.v";
    "rtl/alu_control.v";
    "rtl/alu.v";
    "rtl/branch_comparator.v";
    "rtl/control_unit.v";
    "rtl/data_memory.v";
    "rtl/instruction_memory.v";
    "rtl/immediate_generator.v";
    "rtl/program_counter.v";
    "rtl/register_file.v";
    "testbench/cpu_pipeline_tb.v";
    "rtl/cpu_pipeline.v";
    "rtl/ex_stage.v";
    "rtl/ex_mem_register.v";
    "rtl/forwarding_unit.v";
    "rtl/hazard_detection_unit.v";
    "rtl/id_stage.v";
    "rtl/id_ex_register.v";
    "rtl/if_id_register.v";
    "rtl/mem_stage.v";
    "rtl/mem_wb_register.v";
    "rtl/wb_stage.v";
