#! /opt/homebrew/Cellar/icarus-verilog/13.0/bin/vvp
:ivl_version "13.0 (stable)" "(v13_0)";
:ivl_delay_selection "TYPICAL";
:vpi_time_precision - 12;
:vpi_module "/opt/homebrew/Cellar/icarus-verilog/13.0/lib/ivl/system.vpi";
:vpi_module "/opt/homebrew/Cellar/icarus-verilog/13.0/lib/ivl/vhdl_sys.vpi";
:vpi_module "/opt/homebrew/Cellar/icarus-verilog/13.0/lib/ivl/vhdl_textio.vpi";
:vpi_module "/opt/homebrew/Cellar/icarus-verilog/13.0/lib/ivl/v2005_math.vpi";
:vpi_module "/opt/homebrew/Cellar/icarus-verilog/13.0/lib/ivl/va_math.vpi";
:vpi_module "/opt/homebrew/Cellar/icarus-verilog/13.0/lib/ivl/v2009.vpi";
S_0x104a57760 .scope package, "$unit" "$unit" 2 1;
 .timescale 0 0;
S_0x104a56f50 .scope module, "cpu" "cpu" 3 3;
 .timescale -9 -12;
    .port_info 0 /INPUT 1 "clk";
    .port_info 1 /INPUT 1 "reset";
L_0x104a57b00 .functor AND 1, v0xb2d0261c0_0, L_0xb2d0e7200, C4<1>, C4<1>;
v0xb2d0d48c0_0 .net "ALUCtrl", 3 0, v0xb2d025860_0;  1 drivers
v0xb2d0d4960_0 .net "ALUOp", 1 0, v0xb2d026080_0;  1 drivers
v0xb2d0d4a00_0 .net "ALUSrc", 0 0, v0xb2d026120_0;  1 drivers
v0xb2d0d4aa0_0 .net "Branch", 0 0, v0xb2d0261c0_0;  1 drivers
v0xb2d0d4b40_0 .net "Jump", 0 0, v0xb2d026260_0;  1 drivers
v0xb2d0d4be0_0 .net "MemRead", 0 0, v0xb2d026300_0;  1 drivers
v0xb2d0d4c80_0 .net "MemWrite", 0 0, v0xb2d0263a0_0;  1 drivers
v0xb2d0d4d20_0 .net "MemtoReg", 0 0, v0xb2d026440_0;  1 drivers
v0xb2d0d4dc0_0 .net "RegWrite", 0 0, v0xb2d0264e0_0;  1 drivers
v0xb2d0d4e60_0 .net *"_ivl_13", 0 0, L_0x104a57b00;  1 drivers
v0xb2d0d4f00_0 .net *"_ivl_14", 31 0, L_0xb2d0e6800;  1 drivers
v0xb2d0d4fa0_0 .net *"_ivl_2", 31 0, L_0xb2d0e66c0;  1 drivers
L_0xb2d478010 .functor BUFT 1, C4<00000000000000000000000000000100>, C4<0>, C4<0>, C4<0>;
v0xb2d0d5040_0 .net/2u *"_ivl_6", 31 0, L_0xb2d478010;  1 drivers
v0xb2d0d50e0_0 .net "alu_input_b", 31 0, L_0xb2d0e6620;  1 drivers
v0xb2d0d5180_0 .net "alu_result", 31 0, v0xb2d025d60_0;  1 drivers
v0xb2d0d5220_0 .net "branch_taken", 0 0, L_0xb2d0e7200;  1 drivers
v0xb2d0d52c0_0 .net "branch_target", 31 0, L_0xb2d04e300;  1 drivers
o0xb2d444790 .functor BUFZ 1, c4<z>; HiZ drive
v0xb2d0d5360_0 .net "clk", 0 0, o0xb2d444790;  0 drivers
v0xb2d0d5400_0 .net "immediate", 31 0, v0xb2d026da0_0;  1 drivers
v0xb2d0d54a0_0 .net "instruction", 31 0, L_0xb2cc66060;  1 drivers
v0xb2d0d5540_0 .net "memory_data", 31 0, v0xb2d026940_0;  1 drivers
v0xb2d0d55e0_0 .net "next_pc", 31 0, L_0xb2d0e68a0;  1 drivers
v0xb2d0d5680_0 .net "pc", 31 0, v0xb2d0270c0_0;  1 drivers
v0xb2d0d5720_0 .net "pc_plus_4", 31 0, L_0xb2d04e260;  1 drivers
v0xb2d0d57c0_0 .net "read_data1", 31 0, L_0xb2d0e6d00;  1 drivers
v0xb2d0d5860_0 .net "read_data2", 31 0, L_0xb2d0e70c0;  1 drivers
o0xb2d447b50 .functor BUFZ 1, c4<z>; HiZ drive
v0xb2d0d5900_0 .net "reset", 0 0, o0xb2d447b50;  0 drivers
v0xb2d0d59a0_0 .net "write_back_data", 31 0, L_0xb2d0e6760;  1 drivers
v0xb2d0d5a40_0 .net "zero", 0 0, L_0xb2d0e7160;  1 drivers
L_0xb2d0e6620 .functor MUXZ 32, L_0xb2d0e70c0, v0xb2d026da0_0, v0xb2d026120_0, C4<>;
L_0xb2d0e66c0 .functor MUXZ 32, v0xb2d025d60_0, v0xb2d026940_0, v0xb2d026440_0, C4<>;
L_0xb2d0e6760 .functor MUXZ 32, L_0xb2d0e66c0, L_0xb2d04e260, v0xb2d026260_0, C4<>;
L_0xb2d04e260 .arith/sum 32, v0xb2d0270c0_0, L_0xb2d478010;
L_0xb2d04e300 .arith/sum 32, v0xb2d0270c0_0, v0xb2d026da0_0;
L_0xb2d0e6800 .functor MUXZ 32, L_0xb2d04e260, L_0xb2d04e300, L_0x104a57b00, C4<>;
L_0xb2d0e68a0 .functor MUXZ 32, L_0xb2d0e6800, L_0xb2d04e300, v0xb2d026260_0, C4<>;
L_0xb2d088d20 .part L_0xb2cc66060, 0, 7;
L_0xb2d088960 .part L_0xb2cc66060, 15, 5;
L_0xb2d088a00 .part L_0xb2cc66060, 20, 5;
L_0xb2d0895e0 .part L_0xb2cc66060, 7, 5;
L_0xb2d089680 .part L_0xb2cc66060, 12, 3;
L_0xb2d089720 .part L_0xb2cc66060, 25, 7;
S_0x104a4f570 .scope module, "alu_ctrl" "alu_control" 3 119, 4 3 0, S_0x104a56f50;
 .timescale -9 -12;
    .port_info 0 /INPUT 2 "ALUOp";
    .port_info 1 /INPUT 3 "funct3";
    .port_info 2 /INPUT 7 "funct7";
    .port_info 3 /OUTPUT 4 "ALUCtrl";
v0xb2d025860_0 .var "ALUCtrl", 3 0;
v0xb2d025900_0 .net "ALUOp", 1 0, v0xb2d026080_0;  alias, 1 drivers
v0xb2d0259a0_0 .net "funct3", 2 0, L_0xb2d089680;  1 drivers
v0xb2d025a40_0 .net "funct7", 6 0, L_0xb2d089720;  1 drivers
E_0xb2cc9dc80 .event anyedge, v0xb2d025900_0, v0xb2d0259a0_0, v0xb2d025a40_0;
S_0x104a4e810 .scope module, "alu_unit" "alu" 3 130, 5 1 0, S_0x104a56f50;
 .timescale 0 0;
    .port_info 0 /INPUT 32 "a";
    .port_info 1 /INPUT 32 "b";
    .port_info 2 /INPUT 4 "alu_control";
    .port_info 3 /OUTPUT 32 "result";
    .port_info 4 /OUTPUT 1 "zero";
L_0xb2d4782e0 .functor BUFT 1, C4<00000000000000000000000000000000>, C4<0>, C4<0>, C4<0>;
v0xb2d025ae0_0 .net/2u *"_ivl_0", 31 0, L_0xb2d4782e0;  1 drivers
v0xb2d025b80_0 .net "a", 31 0, L_0xb2d0e6d00;  alias, 1 drivers
v0xb2d025c20_0 .net "alu_control", 3 0, v0xb2d025860_0;  alias, 1 drivers
v0xb2d025cc0_0 .net "b", 31 0, L_0xb2d0e6620;  alias, 1 drivers
v0xb2d025d60_0 .var "result", 31 0;
v0xb2d025e00_0 .net "zero", 0 0, L_0xb2d0e7160;  alias, 1 drivers
E_0xb2cc9dcc0 .event anyedge, v0xb2d025860_0, v0xb2d025b80_0, v0xb2d025cc0_0;
L_0xb2d0e7160 .cmp/eq 32, v0xb2d025d60_0, L_0xb2d4782e0;
S_0x104a4e990 .scope module, "branch_cmp" "branch_comparator" 3 157, 6 3 0, S_0x104a56f50;
 .timescale -9 -12;
    .port_info 0 /INPUT 32 "rs1_data";
    .port_info 1 /INPUT 32 "rs2_data";
    .port_info 2 /OUTPUT 1 "branch_taken";
v0xb2d025ea0_0 .net "branch_taken", 0 0, L_0xb2d0e7200;  alias, 1 drivers
v0xb2d025f40_0 .net "rs1_data", 31 0, L_0xb2d0e6d00;  alias, 1 drivers
v0xb2d025fe0_0 .net "rs2_data", 31 0, L_0xb2d0e70c0;  alias, 1 drivers
L_0xb2d0e7200 .cmp/eq 32, L_0xb2d0e6d00, L_0xb2d0e70c0;
S_0x104a4dde0 .scope module, "control" "control_unit" 3 80, 7 3 0, S_0x104a56f50;
 .timescale -9 -12;
    .port_info 0 /INPUT 7 "opcode";
    .port_info 1 /OUTPUT 1 "RegWrite";
    .port_info 2 /OUTPUT 1 "ALUSrc";
    .port_info 3 /OUTPUT 1 "MemRead";
    .port_info 4 /OUTPUT 1 "MemWrite";
    .port_info 5 /OUTPUT 1 "MemtoReg";
    .port_info 6 /OUTPUT 1 "Branch";
    .port_info 7 /OUTPUT 1 "Jump";
    .port_info 8 /OUTPUT 2 "ALUOp";
v0xb2d026080_0 .var "ALUOp", 1 0;
v0xb2d026120_0 .var "ALUSrc", 0 0;
v0xb2d0261c0_0 .var "Branch", 0 0;
v0xb2d026260_0 .var "Jump", 0 0;
v0xb2d026300_0 .var "MemRead", 0 0;
v0xb2d0263a0_0 .var "MemWrite", 0 0;
v0xb2d026440_0 .var "MemtoReg", 0 0;
v0xb2d0264e0_0 .var "RegWrite", 0 0;
v0xb2d026580_0 .net "opcode", 6 0, L_0xb2d088d20;  1 drivers
E_0xb2cc9dd00 .event anyedge, v0xb2d026580_0;
S_0x104a4df60 .scope module, "dmem" "data_memory" 3 143, 8 3 0, S_0x104a56f50;
 .timescale -9 -12;
    .port_info 0 /INPUT 1 "clk";
    .port_info 1 /INPUT 1 "mem_write";
    .port_info 2 /INPUT 1 "mem_read";
    .port_info 3 /INPUT 32 "address";
    .port_info 4 /INPUT 32 "write_data";
    .port_info 5 /OUTPUT 32 "read_data";
v0xb2d026620_0 .net "address", 31 0, v0xb2d025d60_0;  alias, 1 drivers
v0xb2d0266c0_0 .net "clk", 0 0, o0xb2d444790;  alias, 0 drivers
v0xb2d026760_0 .net "mem_read", 0 0, v0xb2d026300_0;  alias, 1 drivers
v0xb2d026800_0 .net "mem_write", 0 0, v0xb2d0263a0_0;  alias, 1 drivers
v0xb2d0268a0 .array "memory", 255 0, 31 0;
v0xb2d026940_0 .var "read_data", 31 0;
v0xb2d0269e0_0 .net "write_data", 31 0, L_0xb2d0e70c0;  alias, 1 drivers
v0xb2d0268a0_0 .array/port v0xb2d0268a0, 0;
v0xb2d0268a0_1 .array/port v0xb2d0268a0, 1;
E_0xb2cc9dd40/0 .event anyedge, v0xb2d026300_0, v0xb2d025d60_0, v0xb2d0268a0_0, v0xb2d0268a0_1;
v0xb2d0268a0_2 .array/port v0xb2d0268a0, 2;
v0xb2d0268a0_3 .array/port v0xb2d0268a0, 3;
v0xb2d0268a0_4 .array/port v0xb2d0268a0, 4;
v0xb2d0268a0_5 .array/port v0xb2d0268a0, 5;
E_0xb2cc9dd40/1 .event anyedge, v0xb2d0268a0_2, v0xb2d0268a0_3, v0xb2d0268a0_4, v0xb2d0268a0_5;
v0xb2d0268a0_6 .array/port v0xb2d0268a0, 6;
v0xb2d0268a0_7 .array/port v0xb2d0268a0, 7;
v0xb2d0268a0_8 .array/port v0xb2d0268a0, 8;
v0xb2d0268a0_9 .array/port v0xb2d0268a0, 9;
E_0xb2cc9dd40/2 .event anyedge, v0xb2d0268a0_6, v0xb2d0268a0_7, v0xb2d0268a0_8, v0xb2d0268a0_9;
v0xb2d0268a0_10 .array/port v0xb2d0268a0, 10;
v0xb2d0268a0_11 .array/port v0xb2d0268a0, 11;
v0xb2d0268a0_12 .array/port v0xb2d0268a0, 12;
v0xb2d0268a0_13 .array/port v0xb2d0268a0, 13;
E_0xb2cc9dd40/3 .event anyedge, v0xb2d0268a0_10, v0xb2d0268a0_11, v0xb2d0268a0_12, v0xb2d0268a0_13;
v0xb2d0268a0_14 .array/port v0xb2d0268a0, 14;
v0xb2d0268a0_15 .array/port v0xb2d0268a0, 15;
v0xb2d0268a0_16 .array/port v0xb2d0268a0, 16;
v0xb2d0268a0_17 .array/port v0xb2d0268a0, 17;
E_0xb2cc9dd40/4 .event anyedge, v0xb2d0268a0_14, v0xb2d0268a0_15, v0xb2d0268a0_16, v0xb2d0268a0_17;
v0xb2d0268a0_18 .array/port v0xb2d0268a0, 18;
v0xb2d0268a0_19 .array/port v0xb2d0268a0, 19;
v0xb2d0268a0_20 .array/port v0xb2d0268a0, 20;
v0xb2d0268a0_21 .array/port v0xb2d0268a0, 21;
E_0xb2cc9dd40/5 .event anyedge, v0xb2d0268a0_18, v0xb2d0268a0_19, v0xb2d0268a0_20, v0xb2d0268a0_21;
v0xb2d0268a0_22 .array/port v0xb2d0268a0, 22;
v0xb2d0268a0_23 .array/port v0xb2d0268a0, 23;
v0xb2d0268a0_24 .array/port v0xb2d0268a0, 24;
v0xb2d0268a0_25 .array/port v0xb2d0268a0, 25;
E_0xb2cc9dd40/6 .event anyedge, v0xb2d0268a0_22, v0xb2d0268a0_23, v0xb2d0268a0_24, v0xb2d0268a0_25;
v0xb2d0268a0_26 .array/port v0xb2d0268a0, 26;
v0xb2d0268a0_27 .array/port v0xb2d0268a0, 27;
v0xb2d0268a0_28 .array/port v0xb2d0268a0, 28;
v0xb2d0268a0_29 .array/port v0xb2d0268a0, 29;
E_0xb2cc9dd40/7 .event anyedge, v0xb2d0268a0_26, v0xb2d0268a0_27, v0xb2d0268a0_28, v0xb2d0268a0_29;
v0xb2d0268a0_30 .array/port v0xb2d0268a0, 30;
v0xb2d0268a0_31 .array/port v0xb2d0268a0, 31;
v0xb2d0268a0_32 .array/port v0xb2d0268a0, 32;
v0xb2d0268a0_33 .array/port v0xb2d0268a0, 33;
E_0xb2cc9dd40/8 .event anyedge, v0xb2d0268a0_30, v0xb2d0268a0_31, v0xb2d0268a0_32, v0xb2d0268a0_33;
v0xb2d0268a0_34 .array/port v0xb2d0268a0, 34;
v0xb2d0268a0_35 .array/port v0xb2d0268a0, 35;
v0xb2d0268a0_36 .array/port v0xb2d0268a0, 36;
v0xb2d0268a0_37 .array/port v0xb2d0268a0, 37;
E_0xb2cc9dd40/9 .event anyedge, v0xb2d0268a0_34, v0xb2d0268a0_35, v0xb2d0268a0_36, v0xb2d0268a0_37;
v0xb2d0268a0_38 .array/port v0xb2d0268a0, 38;
v0xb2d0268a0_39 .array/port v0xb2d0268a0, 39;
v0xb2d0268a0_40 .array/port v0xb2d0268a0, 40;
v0xb2d0268a0_41 .array/port v0xb2d0268a0, 41;
E_0xb2cc9dd40/10 .event anyedge, v0xb2d0268a0_38, v0xb2d0268a0_39, v0xb2d0268a0_40, v0xb2d0268a0_41;
v0xb2d0268a0_42 .array/port v0xb2d0268a0, 42;
v0xb2d0268a0_43 .array/port v0xb2d0268a0, 43;
v0xb2d0268a0_44 .array/port v0xb2d0268a0, 44;
v0xb2d0268a0_45 .array/port v0xb2d0268a0, 45;
E_0xb2cc9dd40/11 .event anyedge, v0xb2d0268a0_42, v0xb2d0268a0_43, v0xb2d0268a0_44, v0xb2d0268a0_45;
v0xb2d0268a0_46 .array/port v0xb2d0268a0, 46;
v0xb2d0268a0_47 .array/port v0xb2d0268a0, 47;
v0xb2d0268a0_48 .array/port v0xb2d0268a0, 48;
v0xb2d0268a0_49 .array/port v0xb2d0268a0, 49;
E_0xb2cc9dd40/12 .event anyedge, v0xb2d0268a0_46, v0xb2d0268a0_47, v0xb2d0268a0_48, v0xb2d0268a0_49;
v0xb2d0268a0_50 .array/port v0xb2d0268a0, 50;
v0xb2d0268a0_51 .array/port v0xb2d0268a0, 51;
v0xb2d0268a0_52 .array/port v0xb2d0268a0, 52;
v0xb2d0268a0_53 .array/port v0xb2d0268a0, 53;
E_0xb2cc9dd40/13 .event anyedge, v0xb2d0268a0_50, v0xb2d0268a0_51, v0xb2d0268a0_52, v0xb2d0268a0_53;
v0xb2d0268a0_54 .array/port v0xb2d0268a0, 54;
v0xb2d0268a0_55 .array/port v0xb2d0268a0, 55;
v0xb2d0268a0_56 .array/port v0xb2d0268a0, 56;
v0xb2d0268a0_57 .array/port v0xb2d0268a0, 57;
E_0xb2cc9dd40/14 .event anyedge, v0xb2d0268a0_54, v0xb2d0268a0_55, v0xb2d0268a0_56, v0xb2d0268a0_57;
v0xb2d0268a0_58 .array/port v0xb2d0268a0, 58;
v0xb2d0268a0_59 .array/port v0xb2d0268a0, 59;
v0xb2d0268a0_60 .array/port v0xb2d0268a0, 60;
v0xb2d0268a0_61 .array/port v0xb2d0268a0, 61;
E_0xb2cc9dd40/15 .event anyedge, v0xb2d0268a0_58, v0xb2d0268a0_59, v0xb2d0268a0_60, v0xb2d0268a0_61;
v0xb2d0268a0_62 .array/port v0xb2d0268a0, 62;
v0xb2d0268a0_63 .array/port v0xb2d0268a0, 63;
v0xb2d0268a0_64 .array/port v0xb2d0268a0, 64;
v0xb2d0268a0_65 .array/port v0xb2d0268a0, 65;
E_0xb2cc9dd40/16 .event anyedge, v0xb2d0268a0_62, v0xb2d0268a0_63, v0xb2d0268a0_64, v0xb2d0268a0_65;
v0xb2d0268a0_66 .array/port v0xb2d0268a0, 66;
v0xb2d0268a0_67 .array/port v0xb2d0268a0, 67;
v0xb2d0268a0_68 .array/port v0xb2d0268a0, 68;
v0xb2d0268a0_69 .array/port v0xb2d0268a0, 69;
E_0xb2cc9dd40/17 .event anyedge, v0xb2d0268a0_66, v0xb2d0268a0_67, v0xb2d0268a0_68, v0xb2d0268a0_69;
v0xb2d0268a0_70 .array/port v0xb2d0268a0, 70;
v0xb2d0268a0_71 .array/port v0xb2d0268a0, 71;
v0xb2d0268a0_72 .array/port v0xb2d0268a0, 72;
v0xb2d0268a0_73 .array/port v0xb2d0268a0, 73;
E_0xb2cc9dd40/18 .event anyedge, v0xb2d0268a0_70, v0xb2d0268a0_71, v0xb2d0268a0_72, v0xb2d0268a0_73;
v0xb2d0268a0_74 .array/port v0xb2d0268a0, 74;
v0xb2d0268a0_75 .array/port v0xb2d0268a0, 75;
v0xb2d0268a0_76 .array/port v0xb2d0268a0, 76;
v0xb2d0268a0_77 .array/port v0xb2d0268a0, 77;
E_0xb2cc9dd40/19 .event anyedge, v0xb2d0268a0_74, v0xb2d0268a0_75, v0xb2d0268a0_76, v0xb2d0268a0_77;
v0xb2d0268a0_78 .array/port v0xb2d0268a0, 78;
v0xb2d0268a0_79 .array/port v0xb2d0268a0, 79;
v0xb2d0268a0_80 .array/port v0xb2d0268a0, 80;
v0xb2d0268a0_81 .array/port v0xb2d0268a0, 81;
E_0xb2cc9dd40/20 .event anyedge, v0xb2d0268a0_78, v0xb2d0268a0_79, v0xb2d0268a0_80, v0xb2d0268a0_81;
v0xb2d0268a0_82 .array/port v0xb2d0268a0, 82;
v0xb2d0268a0_83 .array/port v0xb2d0268a0, 83;
v0xb2d0268a0_84 .array/port v0xb2d0268a0, 84;
v0xb2d0268a0_85 .array/port v0xb2d0268a0, 85;
E_0xb2cc9dd40/21 .event anyedge, v0xb2d0268a0_82, v0xb2d0268a0_83, v0xb2d0268a0_84, v0xb2d0268a0_85;
v0xb2d0268a0_86 .array/port v0xb2d0268a0, 86;
v0xb2d0268a0_87 .array/port v0xb2d0268a0, 87;
v0xb2d0268a0_88 .array/port v0xb2d0268a0, 88;
v0xb2d0268a0_89 .array/port v0xb2d0268a0, 89;
E_0xb2cc9dd40/22 .event anyedge, v0xb2d0268a0_86, v0xb2d0268a0_87, v0xb2d0268a0_88, v0xb2d0268a0_89;
v0xb2d0268a0_90 .array/port v0xb2d0268a0, 90;
v0xb2d0268a0_91 .array/port v0xb2d0268a0, 91;
v0xb2d0268a0_92 .array/port v0xb2d0268a0, 92;
v0xb2d0268a0_93 .array/port v0xb2d0268a0, 93;
E_0xb2cc9dd40/23 .event anyedge, v0xb2d0268a0_90, v0xb2d0268a0_91, v0xb2d0268a0_92, v0xb2d0268a0_93;
v0xb2d0268a0_94 .array/port v0xb2d0268a0, 94;
v0xb2d0268a0_95 .array/port v0xb2d0268a0, 95;
v0xb2d0268a0_96 .array/port v0xb2d0268a0, 96;
v0xb2d0268a0_97 .array/port v0xb2d0268a0, 97;
E_0xb2cc9dd40/24 .event anyedge, v0xb2d0268a0_94, v0xb2d0268a0_95, v0xb2d0268a0_96, v0xb2d0268a0_97;
v0xb2d0268a0_98 .array/port v0xb2d0268a0, 98;
v0xb2d0268a0_99 .array/port v0xb2d0268a0, 99;
v0xb2d0268a0_100 .array/port v0xb2d0268a0, 100;
v0xb2d0268a0_101 .array/port v0xb2d0268a0, 101;
E_0xb2cc9dd40/25 .event anyedge, v0xb2d0268a0_98, v0xb2d0268a0_99, v0xb2d0268a0_100, v0xb2d0268a0_101;
v0xb2d0268a0_102 .array/port v0xb2d0268a0, 102;
v0xb2d0268a0_103 .array/port v0xb2d0268a0, 103;
v0xb2d0268a0_104 .array/port v0xb2d0268a0, 104;
v0xb2d0268a0_105 .array/port v0xb2d0268a0, 105;
E_0xb2cc9dd40/26 .event anyedge, v0xb2d0268a0_102, v0xb2d0268a0_103, v0xb2d0268a0_104, v0xb2d0268a0_105;
v0xb2d0268a0_106 .array/port v0xb2d0268a0, 106;
v0xb2d0268a0_107 .array/port v0xb2d0268a0, 107;
v0xb2d0268a0_108 .array/port v0xb2d0268a0, 108;
v0xb2d0268a0_109 .array/port v0xb2d0268a0, 109;
E_0xb2cc9dd40/27 .event anyedge, v0xb2d0268a0_106, v0xb2d0268a0_107, v0xb2d0268a0_108, v0xb2d0268a0_109;
v0xb2d0268a0_110 .array/port v0xb2d0268a0, 110;
v0xb2d0268a0_111 .array/port v0xb2d0268a0, 111;
v0xb2d0268a0_112 .array/port v0xb2d0268a0, 112;
v0xb2d0268a0_113 .array/port v0xb2d0268a0, 113;
E_0xb2cc9dd40/28 .event anyedge, v0xb2d0268a0_110, v0xb2d0268a0_111, v0xb2d0268a0_112, v0xb2d0268a0_113;
v0xb2d0268a0_114 .array/port v0xb2d0268a0, 114;
v0xb2d0268a0_115 .array/port v0xb2d0268a0, 115;
v0xb2d0268a0_116 .array/port v0xb2d0268a0, 116;
v0xb2d0268a0_117 .array/port v0xb2d0268a0, 117;
E_0xb2cc9dd40/29 .event anyedge, v0xb2d0268a0_114, v0xb2d0268a0_115, v0xb2d0268a0_116, v0xb2d0268a0_117;
v0xb2d0268a0_118 .array/port v0xb2d0268a0, 118;
v0xb2d0268a0_119 .array/port v0xb2d0268a0, 119;
v0xb2d0268a0_120 .array/port v0xb2d0268a0, 120;
v0xb2d0268a0_121 .array/port v0xb2d0268a0, 121;
E_0xb2cc9dd40/30 .event anyedge, v0xb2d0268a0_118, v0xb2d0268a0_119, v0xb2d0268a0_120, v0xb2d0268a0_121;
v0xb2d0268a0_122 .array/port v0xb2d0268a0, 122;
v0xb2d0268a0_123 .array/port v0xb2d0268a0, 123;
v0xb2d0268a0_124 .array/port v0xb2d0268a0, 124;
v0xb2d0268a0_125 .array/port v0xb2d0268a0, 125;
E_0xb2cc9dd40/31 .event anyedge, v0xb2d0268a0_122, v0xb2d0268a0_123, v0xb2d0268a0_124, v0xb2d0268a0_125;
v0xb2d0268a0_126 .array/port v0xb2d0268a0, 126;
v0xb2d0268a0_127 .array/port v0xb2d0268a0, 127;
v0xb2d0268a0_128 .array/port v0xb2d0268a0, 128;
v0xb2d0268a0_129 .array/port v0xb2d0268a0, 129;
E_0xb2cc9dd40/32 .event anyedge, v0xb2d0268a0_126, v0xb2d0268a0_127, v0xb2d0268a0_128, v0xb2d0268a0_129;
v0xb2d0268a0_130 .array/port v0xb2d0268a0, 130;
v0xb2d0268a0_131 .array/port v0xb2d0268a0, 131;
v0xb2d0268a0_132 .array/port v0xb2d0268a0, 132;
v0xb2d0268a0_133 .array/port v0xb2d0268a0, 133;
E_0xb2cc9dd40/33 .event anyedge, v0xb2d0268a0_130, v0xb2d0268a0_131, v0xb2d0268a0_132, v0xb2d0268a0_133;
v0xb2d0268a0_134 .array/port v0xb2d0268a0, 134;
v0xb2d0268a0_135 .array/port v0xb2d0268a0, 135;
v0xb2d0268a0_136 .array/port v0xb2d0268a0, 136;
v0xb2d0268a0_137 .array/port v0xb2d0268a0, 137;
E_0xb2cc9dd40/34 .event anyedge, v0xb2d0268a0_134, v0xb2d0268a0_135, v0xb2d0268a0_136, v0xb2d0268a0_137;
v0xb2d0268a0_138 .array/port v0xb2d0268a0, 138;
v0xb2d0268a0_139 .array/port v0xb2d0268a0, 139;
v0xb2d0268a0_140 .array/port v0xb2d0268a0, 140;
v0xb2d0268a0_141 .array/port v0xb2d0268a0, 141;
E_0xb2cc9dd40/35 .event anyedge, v0xb2d0268a0_138, v0xb2d0268a0_139, v0xb2d0268a0_140, v0xb2d0268a0_141;
v0xb2d0268a0_142 .array/port v0xb2d0268a0, 142;
v0xb2d0268a0_143 .array/port v0xb2d0268a0, 143;
v0xb2d0268a0_144 .array/port v0xb2d0268a0, 144;
v0xb2d0268a0_145 .array/port v0xb2d0268a0, 145;
E_0xb2cc9dd40/36 .event anyedge, v0xb2d0268a0_142, v0xb2d0268a0_143, v0xb2d0268a0_144, v0xb2d0268a0_145;
v0xb2d0268a0_146 .array/port v0xb2d0268a0, 146;
v0xb2d0268a0_147 .array/port v0xb2d0268a0, 147;
v0xb2d0268a0_148 .array/port v0xb2d0268a0, 148;
v0xb2d0268a0_149 .array/port v0xb2d0268a0, 149;
E_0xb2cc9dd40/37 .event anyedge, v0xb2d0268a0_146, v0xb2d0268a0_147, v0xb2d0268a0_148, v0xb2d0268a0_149;
v0xb2d0268a0_150 .array/port v0xb2d0268a0, 150;
v0xb2d0268a0_151 .array/port v0xb2d0268a0, 151;
v0xb2d0268a0_152 .array/port v0xb2d0268a0, 152;
v0xb2d0268a0_153 .array/port v0xb2d0268a0, 153;
E_0xb2cc9dd40/38 .event anyedge, v0xb2d0268a0_150, v0xb2d0268a0_151, v0xb2d0268a0_152, v0xb2d0268a0_153;
v0xb2d0268a0_154 .array/port v0xb2d0268a0, 154;
v0xb2d0268a0_155 .array/port v0xb2d0268a0, 155;
v0xb2d0268a0_156 .array/port v0xb2d0268a0, 156;
v0xb2d0268a0_157 .array/port v0xb2d0268a0, 157;
E_0xb2cc9dd40/39 .event anyedge, v0xb2d0268a0_154, v0xb2d0268a0_155, v0xb2d0268a0_156, v0xb2d0268a0_157;
v0xb2d0268a0_158 .array/port v0xb2d0268a0, 158;
v0xb2d0268a0_159 .array/port v0xb2d0268a0, 159;
v0xb2d0268a0_160 .array/port v0xb2d0268a0, 160;
v0xb2d0268a0_161 .array/port v0xb2d0268a0, 161;
E_0xb2cc9dd40/40 .event anyedge, v0xb2d0268a0_158, v0xb2d0268a0_159, v0xb2d0268a0_160, v0xb2d0268a0_161;
v0xb2d0268a0_162 .array/port v0xb2d0268a0, 162;
v0xb2d0268a0_163 .array/port v0xb2d0268a0, 163;
v0xb2d0268a0_164 .array/port v0xb2d0268a0, 164;
v0xb2d0268a0_165 .array/port v0xb2d0268a0, 165;
E_0xb2cc9dd40/41 .event anyedge, v0xb2d0268a0_162, v0xb2d0268a0_163, v0xb2d0268a0_164, v0xb2d0268a0_165;
v0xb2d0268a0_166 .array/port v0xb2d0268a0, 166;
v0xb2d0268a0_167 .array/port v0xb2d0268a0, 167;
v0xb2d0268a0_168 .array/port v0xb2d0268a0, 168;
v0xb2d0268a0_169 .array/port v0xb2d0268a0, 169;
E_0xb2cc9dd40/42 .event anyedge, v0xb2d0268a0_166, v0xb2d0268a0_167, v0xb2d0268a0_168, v0xb2d0268a0_169;
v0xb2d0268a0_170 .array/port v0xb2d0268a0, 170;
v0xb2d0268a0_171 .array/port v0xb2d0268a0, 171;
v0xb2d0268a0_172 .array/port v0xb2d0268a0, 172;
v0xb2d0268a0_173 .array/port v0xb2d0268a0, 173;
E_0xb2cc9dd40/43 .event anyedge, v0xb2d0268a0_170, v0xb2d0268a0_171, v0xb2d0268a0_172, v0xb2d0268a0_173;
v0xb2d0268a0_174 .array/port v0xb2d0268a0, 174;
v0xb2d0268a0_175 .array/port v0xb2d0268a0, 175;
v0xb2d0268a0_176 .array/port v0xb2d0268a0, 176;
v0xb2d0268a0_177 .array/port v0xb2d0268a0, 177;
E_0xb2cc9dd40/44 .event anyedge, v0xb2d0268a0_174, v0xb2d0268a0_175, v0xb2d0268a0_176, v0xb2d0268a0_177;
v0xb2d0268a0_178 .array/port v0xb2d0268a0, 178;
v0xb2d0268a0_179 .array/port v0xb2d0268a0, 179;
v0xb2d0268a0_180 .array/port v0xb2d0268a0, 180;
v0xb2d0268a0_181 .array/port v0xb2d0268a0, 181;
E_0xb2cc9dd40/45 .event anyedge, v0xb2d0268a0_178, v0xb2d0268a0_179, v0xb2d0268a0_180, v0xb2d0268a0_181;
v0xb2d0268a0_182 .array/port v0xb2d0268a0, 182;
v0xb2d0268a0_183 .array/port v0xb2d0268a0, 183;
v0xb2d0268a0_184 .array/port v0xb2d0268a0, 184;
v0xb2d0268a0_185 .array/port v0xb2d0268a0, 185;
E_0xb2cc9dd40/46 .event anyedge, v0xb2d0268a0_182, v0xb2d0268a0_183, v0xb2d0268a0_184, v0xb2d0268a0_185;
v0xb2d0268a0_186 .array/port v0xb2d0268a0, 186;
v0xb2d0268a0_187 .array/port v0xb2d0268a0, 187;
v0xb2d0268a0_188 .array/port v0xb2d0268a0, 188;
v0xb2d0268a0_189 .array/port v0xb2d0268a0, 189;
E_0xb2cc9dd40/47 .event anyedge, v0xb2d0268a0_186, v0xb2d0268a0_187, v0xb2d0268a0_188, v0xb2d0268a0_189;
v0xb2d0268a0_190 .array/port v0xb2d0268a0, 190;
v0xb2d0268a0_191 .array/port v0xb2d0268a0, 191;
v0xb2d0268a0_192 .array/port v0xb2d0268a0, 192;
v0xb2d0268a0_193 .array/port v0xb2d0268a0, 193;
E_0xb2cc9dd40/48 .event anyedge, v0xb2d0268a0_190, v0xb2d0268a0_191, v0xb2d0268a0_192, v0xb2d0268a0_193;
v0xb2d0268a0_194 .array/port v0xb2d0268a0, 194;
v0xb2d0268a0_195 .array/port v0xb2d0268a0, 195;
v0xb2d0268a0_196 .array/port v0xb2d0268a0, 196;
v0xb2d0268a0_197 .array/port v0xb2d0268a0, 197;
E_0xb2cc9dd40/49 .event anyedge, v0xb2d0268a0_194, v0xb2d0268a0_195, v0xb2d0268a0_196, v0xb2d0268a0_197;
v0xb2d0268a0_198 .array/port v0xb2d0268a0, 198;
v0xb2d0268a0_199 .array/port v0xb2d0268a0, 199;
v0xb2d0268a0_200 .array/port v0xb2d0268a0, 200;
v0xb2d0268a0_201 .array/port v0xb2d0268a0, 201;
E_0xb2cc9dd40/50 .event anyedge, v0xb2d0268a0_198, v0xb2d0268a0_199, v0xb2d0268a0_200, v0xb2d0268a0_201;
v0xb2d0268a0_202 .array/port v0xb2d0268a0, 202;
v0xb2d0268a0_203 .array/port v0xb2d0268a0, 203;
v0xb2d0268a0_204 .array/port v0xb2d0268a0, 204;
v0xb2d0268a0_205 .array/port v0xb2d0268a0, 205;
E_0xb2cc9dd40/51 .event anyedge, v0xb2d0268a0_202, v0xb2d0268a0_203, v0xb2d0268a0_204, v0xb2d0268a0_205;
v0xb2d0268a0_206 .array/port v0xb2d0268a0, 206;
v0xb2d0268a0_207 .array/port v0xb2d0268a0, 207;
v0xb2d0268a0_208 .array/port v0xb2d0268a0, 208;
v0xb2d0268a0_209 .array/port v0xb2d0268a0, 209;
E_0xb2cc9dd40/52 .event anyedge, v0xb2d0268a0_206, v0xb2d0268a0_207, v0xb2d0268a0_208, v0xb2d0268a0_209;
v0xb2d0268a0_210 .array/port v0xb2d0268a0, 210;
v0xb2d0268a0_211 .array/port v0xb2d0268a0, 211;
v0xb2d0268a0_212 .array/port v0xb2d0268a0, 212;
v0xb2d0268a0_213 .array/port v0xb2d0268a0, 213;
E_0xb2cc9dd40/53 .event anyedge, v0xb2d0268a0_210, v0xb2d0268a0_211, v0xb2d0268a0_212, v0xb2d0268a0_213;
v0xb2d0268a0_214 .array/port v0xb2d0268a0, 214;
v0xb2d0268a0_215 .array/port v0xb2d0268a0, 215;
v0xb2d0268a0_216 .array/port v0xb2d0268a0, 216;
v0xb2d0268a0_217 .array/port v0xb2d0268a0, 217;
E_0xb2cc9dd40/54 .event anyedge, v0xb2d0268a0_214, v0xb2d0268a0_215, v0xb2d0268a0_216, v0xb2d0268a0_217;
v0xb2d0268a0_218 .array/port v0xb2d0268a0, 218;
v0xb2d0268a0_219 .array/port v0xb2d0268a0, 219;
v0xb2d0268a0_220 .array/port v0xb2d0268a0, 220;
v0xb2d0268a0_221 .array/port v0xb2d0268a0, 221;
E_0xb2cc9dd40/55 .event anyedge, v0xb2d0268a0_218, v0xb2d0268a0_219, v0xb2d0268a0_220, v0xb2d0268a0_221;
v0xb2d0268a0_222 .array/port v0xb2d0268a0, 222;
v0xb2d0268a0_223 .array/port v0xb2d0268a0, 223;
v0xb2d0268a0_224 .array/port v0xb2d0268a0, 224;
v0xb2d0268a0_225 .array/port v0xb2d0268a0, 225;
E_0xb2cc9dd40/56 .event anyedge, v0xb2d0268a0_222, v0xb2d0268a0_223, v0xb2d0268a0_224, v0xb2d0268a0_225;
v0xb2d0268a0_226 .array/port v0xb2d0268a0, 226;
v0xb2d0268a0_227 .array/port v0xb2d0268a0, 227;
v0xb2d0268a0_228 .array/port v0xb2d0268a0, 228;
v0xb2d0268a0_229 .array/port v0xb2d0268a0, 229;
E_0xb2cc9dd40/57 .event anyedge, v0xb2d0268a0_226, v0xb2d0268a0_227, v0xb2d0268a0_228, v0xb2d0268a0_229;
v0xb2d0268a0_230 .array/port v0xb2d0268a0, 230;
v0xb2d0268a0_231 .array/port v0xb2d0268a0, 231;
v0xb2d0268a0_232 .array/port v0xb2d0268a0, 232;
v0xb2d0268a0_233 .array/port v0xb2d0268a0, 233;
E_0xb2cc9dd40/58 .event anyedge, v0xb2d0268a0_230, v0xb2d0268a0_231, v0xb2d0268a0_232, v0xb2d0268a0_233;
v0xb2d0268a0_234 .array/port v0xb2d0268a0, 234;
v0xb2d0268a0_235 .array/port v0xb2d0268a0, 235;
v0xb2d0268a0_236 .array/port v0xb2d0268a0, 236;
v0xb2d0268a0_237 .array/port v0xb2d0268a0, 237;
E_0xb2cc9dd40/59 .event anyedge, v0xb2d0268a0_234, v0xb2d0268a0_235, v0xb2d0268a0_236, v0xb2d0268a0_237;
v0xb2d0268a0_238 .array/port v0xb2d0268a0, 238;
v0xb2d0268a0_239 .array/port v0xb2d0268a0, 239;
v0xb2d0268a0_240 .array/port v0xb2d0268a0, 240;
v0xb2d0268a0_241 .array/port v0xb2d0268a0, 241;
E_0xb2cc9dd40/60 .event anyedge, v0xb2d0268a0_238, v0xb2d0268a0_239, v0xb2d0268a0_240, v0xb2d0268a0_241;
v0xb2d0268a0_242 .array/port v0xb2d0268a0, 242;
v0xb2d0268a0_243 .array/port v0xb2d0268a0, 243;
v0xb2d0268a0_244 .array/port v0xb2d0268a0, 244;
v0xb2d0268a0_245 .array/port v0xb2d0268a0, 245;
E_0xb2cc9dd40/61 .event anyedge, v0xb2d0268a0_242, v0xb2d0268a0_243, v0xb2d0268a0_244, v0xb2d0268a0_245;
v0xb2d0268a0_246 .array/port v0xb2d0268a0, 246;
v0xb2d0268a0_247 .array/port v0xb2d0268a0, 247;
v0xb2d0268a0_248 .array/port v0xb2d0268a0, 248;
v0xb2d0268a0_249 .array/port v0xb2d0268a0, 249;
E_0xb2cc9dd40/62 .event anyedge, v0xb2d0268a0_246, v0xb2d0268a0_247, v0xb2d0268a0_248, v0xb2d0268a0_249;
v0xb2d0268a0_250 .array/port v0xb2d0268a0, 250;
v0xb2d0268a0_251 .array/port v0xb2d0268a0, 251;
v0xb2d0268a0_252 .array/port v0xb2d0268a0, 252;
v0xb2d0268a0_253 .array/port v0xb2d0268a0, 253;
E_0xb2cc9dd40/63 .event anyedge, v0xb2d0268a0_250, v0xb2d0268a0_251, v0xb2d0268a0_252, v0xb2d0268a0_253;
v0xb2d0268a0_254 .array/port v0xb2d0268a0, 254;
v0xb2d0268a0_255 .array/port v0xb2d0268a0, 255;
E_0xb2cc9dd40/64 .event anyedge, v0xb2d0268a0_254, v0xb2d0268a0_255;
E_0xb2cc9dd40 .event/or E_0xb2cc9dd40/0, E_0xb2cc9dd40/1, E_0xb2cc9dd40/2, E_0xb2cc9dd40/3, E_0xb2cc9dd40/4, E_0xb2cc9dd40/5, E_0xb2cc9dd40/6, E_0xb2cc9dd40/7, E_0xb2cc9dd40/8, E_0xb2cc9dd40/9, E_0xb2cc9dd40/10, E_0xb2cc9dd40/11, E_0xb2cc9dd40/12, E_0xb2cc9dd40/13, E_0xb2cc9dd40/14, E_0xb2cc9dd40/15, E_0xb2cc9dd40/16, E_0xb2cc9dd40/17, E_0xb2cc9dd40/18, E_0xb2cc9dd40/19, E_0xb2cc9dd40/20, E_0xb2cc9dd40/21, E_0xb2cc9dd40/22, E_0xb2cc9dd40/23, E_0xb2cc9dd40/24, E_0xb2cc9dd40/25, E_0xb2cc9dd40/26, E_0xb2cc9dd40/27, E_0xb2cc9dd40/28, E_0xb2cc9dd40/29, E_0xb2cc9dd40/30, E_0xb2cc9dd40/31, E_0xb2cc9dd40/32, E_0xb2cc9dd40/33, E_0xb2cc9dd40/34, E_0xb2cc9dd40/35, E_0xb2cc9dd40/36, E_0xb2cc9dd40/37, E_0xb2cc9dd40/38, E_0xb2cc9dd40/39, E_0xb2cc9dd40/40, E_0xb2cc9dd40/41, E_0xb2cc9dd40/42, E_0xb2cc9dd40/43, E_0xb2cc9dd40/44, E_0xb2cc9dd40/45, E_0xb2cc9dd40/46, E_0xb2cc9dd40/47, E_0xb2cc9dd40/48, E_0xb2cc9dd40/49, E_0xb2cc9dd40/50, E_0xb2cc9dd40/51, E_0xb2cc9dd40/52, E_0xb2cc9dd40/53, E_0xb2cc9dd40/54, E_0xb2cc9dd40/55, E_0xb2cc9dd40/56, E_0xb2cc9dd40/57, E_0xb2cc9dd40/58, E_0xb2cc9dd40/59, E_0xb2cc9dd40/60, E_0xb2cc9dd40/61, E_0xb2cc9dd40/62, E_0xb2cc9dd40/63, E_0xb2cc9dd40/64;
E_0xb2cc9dd80 .event posedge, v0xb2d0266c0_0;
S_0x104a4d690 .scope module, "imem" "instruction_memory" 3 73, 9 3 0, S_0x104a56f50;
 .timescale -9 -12;
    .port_info 0 /INPUT 32 "pc";
    .port_info 1 /OUTPUT 32 "instruction";
L_0xb2cc66060 .functor BUFZ 32, L_0xb2d0e6940, C4<00000000000000000000000000000000>, C4<00000000000000000000000000000000>, C4<00000000000000000000000000000000>;
v0xb2d026a80_0 .net *"_ivl_0", 31 0, L_0xb2d0e6940;  1 drivers
v0xb2d026b20_0 .net *"_ivl_3", 29 0, L_0xb2d088640;  1 drivers
v0xb2d026bc0_0 .net "instruction", 31 0, L_0xb2cc66060;  alias, 1 drivers
v0xb2d026c60 .array "memory", 255 0, 31 0;
v0xb2d026d00_0 .net "pc", 31 0, v0xb2d0270c0_0;  alias, 1 drivers
L_0xb2d0e6940 .array/port v0xb2d026c60, L_0xb2d088640;
L_0xb2d088640 .part v0xb2d0270c0_0, 2, 30;
S_0x104a4d810 .scope module, "imm_gen" "immediate_generator" 3 95, 10 3 0, S_0x104a56f50;
 .timescale -9 -12;
    .port_info 0 /INPUT 32 "instruction";
    .port_info 1 /OUTPUT 32 "immediate";
v0xb2d026da0_0 .var "immediate", 31 0;
v0xb2d026e40_0 .net "instruction", 31 0, L_0xb2cc66060;  alias, 1 drivers
v0xb2d026ee0_0 .net "opcode", 6 0, L_0xb2d088dc0;  1 drivers
E_0xb2cc9de40 .event anyedge, v0xb2d026ee0_0, v0xb2d026bc0_0;
L_0xb2d088dc0 .part L_0xb2cc66060, 0, 7;
S_0x104a4b1b0 .scope module, "pc_unit" "program_counter" 3 63, 11 3 0, S_0x104a56f50;
 .timescale -9 -12;
    .port_info 0 /INPUT 1 "clk";
    .port_info 1 /INPUT 1 "reset";
    .port_info 2 /INPUT 32 "next_pc";
    .port_info 3 /INPUT 1 "pc_write";
    .port_info 4 /OUTPUT 32 "pc";
v0xb2d026f80_0 .net "clk", 0 0, o0xb2d444790;  alias, 0 drivers
v0xb2d027020_0 .net "next_pc", 31 0, L_0xb2d0e68a0;  alias, 1 drivers
v0xb2d0270c0_0 .var "pc", 31 0;
L_0xb2d478058 .functor BUFT 1, C4<1>, C4<0>, C4<0>, C4<0>;
v0xb2d027160_0 .net "pc_write", 0 0, L_0xb2d478058;  1 drivers
v0xb2d027200_0 .net "reset", 0 0, o0xb2d447b50;  alias, 0 drivers
E_0xb2cc9de80 .event posedge, v0xb2d027200_0, v0xb2d0266c0_0;
S_0x104a4b330 .scope module, "rf" "register_file" 3 102, 12 1 0, S_0x104a56f50;
 .timescale -9 -12;
    .port_info 0 /INPUT 1 "clk";
    .port_info 1 /INPUT 1 "we";
    .port_info 2 /INPUT 1 "reset";
    .port_info 3 /INPUT 5 "rs1";
    .port_info 4 /INPUT 5 "rs2";
    .port_info 5 /INPUT 5 "rd";
    .port_info 6 /INPUT 32 "write_data";
    .port_info 7 /OUTPUT 32 "read_data1";
    .port_info 8 /OUTPUT 32 "read_data2";
L_0x104a57b70 .functor AND 1, v0xb2d0264e0_0, L_0xb2d0e6a80, C4<1>, C4<1>;
L_0x104a532d0 .functor AND 1, L_0x104a57b70, L_0xb2d0e6b20, C4<1>, C4<1>;
L_0x104a53340 .functor AND 1, v0xb2d0264e0_0, L_0xb2d0e6e40, C4<1>, C4<1>;
L_0x104a54250 .functor AND 1, L_0x104a53340, L_0xb2d0e6ee0, C4<1>, C4<1>;
L_0xb2d4780a0 .functor BUFT 1, C4<00000>, C4<0>, C4<0>, C4<0>;
v0xb2d0272a0_0 .net/2u *"_ivl_0", 4 0, L_0xb2d4780a0;  1 drivers
L_0xb2d478130 .functor BUFT 1, C4<00000>, C4<0>, C4<0>, C4<0>;
v0xb2d027340_0 .net/2u *"_ivl_10", 4 0, L_0xb2d478130;  1 drivers
v0xb2d0273e0_0 .net *"_ivl_12", 0 0, L_0xb2d0e6b20;  1 drivers
v0xb2d027480_0 .net *"_ivl_15", 0 0, L_0x104a532d0;  1 drivers
v0xb2d027520_0 .net *"_ivl_16", 31 0, L_0xb2d0e6bc0;  1 drivers
v0xb2d0275c0_0 .net *"_ivl_18", 6 0, L_0xb2d04e3a0;  1 drivers
v0xb2d027660_0 .net *"_ivl_2", 0 0, L_0xb2d0e69e0;  1 drivers
L_0xb2d478178 .functor BUFT 1, C4<00>, C4<0>, C4<0>, C4<0>;
v0xb2d027700_0 .net *"_ivl_21", 1 0, L_0xb2d478178;  1 drivers
v0xb2d0277a0_0 .net *"_ivl_22", 31 0, L_0xb2d0e6c60;  1 drivers
L_0xb2d4781c0 .functor BUFT 1, C4<00000>, C4<0>, C4<0>, C4<0>;
v0xb2d027840_0 .net/2u *"_ivl_26", 4 0, L_0xb2d4781c0;  1 drivers
v0xb2d0278e0_0 .net *"_ivl_28", 0 0, L_0xb2d0e6da0;  1 drivers
L_0xb2d478208 .functor BUFT 1, C4<00000000000000000000000000000000>, C4<0>, C4<0>, C4<0>;
v0xb2d027980_0 .net/2u *"_ivl_30", 31 0, L_0xb2d478208;  1 drivers
v0xb2d027a20_0 .net *"_ivl_32", 0 0, L_0xb2d0e6e40;  1 drivers
v0xb2d027ac0_0 .net *"_ivl_35", 0 0, L_0x104a53340;  1 drivers
L_0xb2d478250 .functor BUFT 1, C4<00000>, C4<0>, C4<0>, C4<0>;
v0xb2d027b60_0 .net/2u *"_ivl_36", 4 0, L_0xb2d478250;  1 drivers
v0xb2d027c00_0 .net *"_ivl_38", 0 0, L_0xb2d0e6ee0;  1 drivers
L_0xb2d4780e8 .functor BUFT 1, C4<00000000000000000000000000000000>, C4<0>, C4<0>, C4<0>;
v0xb2d027ca0_0 .net/2u *"_ivl_4", 31 0, L_0xb2d4780e8;  1 drivers
v0xb2d027d40_0 .net *"_ivl_41", 0 0, L_0x104a54250;  1 drivers
v0xb2d027de0_0 .net *"_ivl_42", 31 0, L_0xb2d0e6f80;  1 drivers
v0xb2d027e80_0 .net *"_ivl_44", 6 0, L_0xb2d04e440;  1 drivers
L_0xb2d478298 .functor BUFT 1, C4<00>, C4<0>, C4<0>, C4<0>;
v0xb2d027f20_0 .net *"_ivl_47", 1 0, L_0xb2d478298;  1 drivers
v0xb2d0d4000_0 .net *"_ivl_48", 31 0, L_0xb2d0e7020;  1 drivers
v0xb2d0d40a0_0 .net *"_ivl_6", 0 0, L_0xb2d0e6a80;  1 drivers
v0xb2d0d4140_0 .net *"_ivl_9", 0 0, L_0x104a57b70;  1 drivers
v0xb2d0d41e0_0 .net "clk", 0 0, o0xb2d444790;  alias, 0 drivers
v0xb2d0d4280_0 .var/i "i", 31 0;
v0xb2d0d4320_0 .net "rd", 4 0, L_0xb2d0895e0;  1 drivers
v0xb2d0d43c0_0 .net "read_data1", 31 0, L_0xb2d0e6d00;  alias, 1 drivers
v0xb2d0d4460_0 .net "read_data2", 31 0, L_0xb2d0e70c0;  alias, 1 drivers
v0xb2d0d4500 .array "registers", 31 0, 31 0;
v0xb2d0d45a0_0 .net "reset", 0 0, o0xb2d447b50;  alias, 0 drivers
v0xb2d0d4640_0 .net "rs1", 4 0, L_0xb2d088960;  1 drivers
v0xb2d0d46e0_0 .net "rs2", 4 0, L_0xb2d088a00;  1 drivers
v0xb2d0d4780_0 .net "we", 0 0, v0xb2d0264e0_0;  alias, 1 drivers
v0xb2d0d4820_0 .net "write_data", 31 0, L_0xb2d0e6760;  alias, 1 drivers
L_0xb2d0e69e0 .cmp/eq 5, L_0xb2d088960, L_0xb2d4780a0;
L_0xb2d0e6a80 .cmp/eq 5, L_0xb2d0895e0, L_0xb2d088960;
L_0xb2d0e6b20 .cmp/ne 5, L_0xb2d0895e0, L_0xb2d478130;
L_0xb2d0e6bc0 .array/port v0xb2d0d4500, L_0xb2d04e3a0;
L_0xb2d04e3a0 .concat [ 5 2 0 0], L_0xb2d088960, L_0xb2d478178;
L_0xb2d0e6c60 .functor MUXZ 32, L_0xb2d0e6bc0, L_0xb2d0e6760, L_0x104a532d0, C4<>;
L_0xb2d0e6d00 .functor MUXZ 32, L_0xb2d0e6c60, L_0xb2d4780e8, L_0xb2d0e69e0, C4<>;
L_0xb2d0e6da0 .cmp/eq 5, L_0xb2d088a00, L_0xb2d4781c0;
L_0xb2d0e6e40 .cmp/eq 5, L_0xb2d0895e0, L_0xb2d088a00;
L_0xb2d0e6ee0 .cmp/ne 5, L_0xb2d0895e0, L_0xb2d478250;
L_0xb2d0e6f80 .array/port v0xb2d0d4500, L_0xb2d04e440;
L_0xb2d04e440 .concat [ 5 2 0 0], L_0xb2d088a00, L_0xb2d478298;
L_0xb2d0e7020 .functor MUXZ 32, L_0xb2d0e6f80, L_0xb2d0e6760, L_0x104a54250, C4<>;
L_0xb2d0e70c0 .functor MUXZ 32, L_0xb2d0e7020, L_0xb2d478208, L_0xb2d0e6da0, C4<>;
S_0x104a54ef0 .scope module, "cpu_pipeline_tb" "cpu_pipeline_tb" 13 3;
 .timescale -9 -12;
v0xb2d0e64e0_0 .var "clk", 0 0;
v0xb2d0e6580_0 .var "reset", 0 0;
S_0xb2cce8000 .scope module, "uut" "cpu_pipeline" 13 8, 14 3 0, S_0x104a54ef0;
 .timescale -9 -12;
    .port_info 0 /INPUT 1 "clk";
    .port_info 1 /INPUT 1 "reset";
L_0x104a542c0 .functor NOT 1, v0xb2d0d8fa0_0, C4<0>, C4<0>, C4<0>;
L_0x104a56440 .functor OR 1, L_0xb2ccfc070, v0xb2d0d8fa0_0, C4<0>, C4<0>;
L_0xb2ccfc000 .functor AND 1, v0xb2d0dbe80_0, L_0xb2d0f01e0, C4<1>, C4<1>;
L_0xb2ccfc070 .functor OR 1, L_0xb2ccfc000, v0xb2d0dc000_0, C4<0>, C4<0>;
L_0xb2d478328 .functor BUFT 1, C4<00000000000000000000000000000100>, C4<0>, C4<0>, C4<0>;
v0xb2d0df480_0 .net/2u *"_ivl_0", 31 0, L_0xb2d478328;  1 drivers
v0xb2d0df520_0 .net *"_ivl_15", 0 0, L_0xb2ccfc000;  1 drivers
v0xb2d0df5c0_0 .net "clk", 0 0, v0xb2d0e64e0_0;  1 drivers
v0xb2d0df660_0 .net "ex_alu_result", 31 0, v0xb2d0d5fe0_0;  1 drivers
v0xb2d0df700_0 .net "ex_branch_taken", 0 0, L_0xb2d0f01e0;  1 drivers
v0xb2d0df7a0_0 .net "ex_branch_target", 31 0, L_0xb2d04e6c0;  1 drivers
v0xb2d0df840_0 .net "ex_mem_Branch", 0 0, v0xb2d0d7840_0;  1 drivers
v0xb2d0df8e0_0 .net "ex_mem_Jump", 0 0, v0xb2d0d7980_0;  1 drivers
v0xb2d0df980_0 .net "ex_mem_MemRead", 0 0, v0xb2d0d7ac0_0;  1 drivers
v0xb2d0dfa20_0 .net "ex_mem_MemWrite", 0 0, v0xb2d0d7c00_0;  1 drivers
v0xb2d0dfac0_0 .net "ex_mem_MemtoReg", 0 0, v0xb2d0d7d40_0;  1 drivers
v0xb2d0dfb60_0 .net "ex_mem_RegWrite", 0 0, v0xb2d0d7e80_0;  1 drivers
v0xb2d0dfc00_0 .net "ex_mem_alu_result", 31 0, v0xb2d0d8000_0;  1 drivers
v0xb2d0dfca0_0 .net "ex_mem_branch_taken", 0 0, v0xb2d0d8140_0;  1 drivers
v0xb2d0dfd40_0 .net "ex_mem_branch_target", 31 0, v0xb2d0d8280_0;  1 drivers
v0xb2d0dfde0_0 .net "ex_mem_pc_plus4", 31 0, v0xb2d0d8460_0;  1 drivers
v0xb2d0dfe80_0 .net "ex_mem_rd", 4 0, v0xb2d0d85a0_0;  1 drivers
v0xb2d0dff20_0 .net "ex_mem_write_data", 31 0, v0xb2d0d8780_0;  1 drivers
v0xb2d0e4000_0 .net "ex_pc_plus4", 31 0, L_0xb2d04e760;  1 drivers
v0xb2d0e40a0_0 .net "ex_store_data", 31 0, L_0xb2cc66140;  1 drivers
v0xb2d0e4140_0 .net "ex_zero", 0 0, L_0xb2d0f0140;  1 drivers
v0xb2d0e41e0_0 .net "forwardA", 1 0, v0xb2d0d8960_0;  1 drivers
v0xb2d0e4280_0 .net "forwardB", 1 0, v0xb2d0d8a00_0;  1 drivers
v0xb2d0e4320_0 .net "hazard_stall", 0 0, v0xb2d0d8fa0_0;  1 drivers
v0xb2d0e43c0_0 .net "id_ALUOp", 1 0, v0xb2d0d9040_0;  1 drivers
v0xb2d0e4460_0 .net "id_ALUSrc", 0 0, v0xb2d0d90e0_0;  1 drivers
v0xb2d0e4500_0 .net "id_Branch", 0 0, v0xb2d0d9180_0;  1 drivers
v0xb2d0e45a0_0 .net "id_Jump", 0 0, v0xb2d0d9220_0;  1 drivers
v0xb2d0e4640_0 .net "id_MemRead", 0 0, v0xb2d0d92c0_0;  1 drivers
v0xb2d0e46e0_0 .net "id_MemWrite", 0 0, v0xb2d0d9360_0;  1 drivers
v0xb2d0e4780_0 .net "id_MemtoReg", 0 0, v0xb2d0d9400_0;  1 drivers
v0xb2d0e4820_0 .net "id_RegWrite", 0 0, v0xb2d0d94a0_0;  1 drivers
v0xb2d0e48c0_0 .net "id_ex_ALUOp", 1 0, v0xb2d0dbc00_0;  1 drivers
v0xb2d0e4960_0 .net "id_ex_ALUSrc", 0 0, v0xb2d0dbd40_0;  1 drivers
v0xb2d0e4a00_0 .net "id_ex_Branch", 0 0, v0xb2d0dbe80_0;  1 drivers
v0xb2d0e4aa0_0 .net "id_ex_Jump", 0 0, v0xb2d0dc000_0;  1 drivers
v0xb2d0e4b40_0 .net "id_ex_MemRead", 0 0, v0xb2d0dc140_0;  1 drivers
v0xb2d0e4be0_0 .net "id_ex_MemWrite", 0 0, v0xb2d0dc280_0;  1 drivers
v0xb2d0e4c80_0 .net "id_ex_MemtoReg", 0 0, v0xb2d0dc3c0_0;  1 drivers
v0xb2d0e4d20_0 .net "id_ex_RegWrite", 0 0, v0xb2d0dc500_0;  1 drivers
v0xb2d0e4dc0_0 .net "id_ex_funct3", 2 0, v0xb2d0dc780_0;  1 drivers
v0xb2d0e4e60_0 .net "id_ex_funct7", 6 0, v0xb2d0dc8c0_0;  1 drivers
v0xb2d0e4f00_0 .net "id_ex_immediate", 31 0, v0xb2d0dca00_0;  1 drivers
v0xb2d0e4fa0_0 .net "id_ex_pc", 31 0, v0xb2d0dcb40_0;  1 drivers
v0xb2d0e5040_0 .net "id_ex_rd", 4 0, v0xb2d0dcc80_0;  1 drivers
v0xb2d0e50e0_0 .net "id_ex_read_data1", 31 0, v0xb2d0dcdc0_0;  1 drivers
v0xb2d0e5180_0 .net "id_ex_read_data2", 31 0, v0xb2d0dcf00_0;  1 drivers
v0xb2d0e5220_0 .net "id_ex_rs1", 4 0, v0xb2d0dd0e0_0;  1 drivers
v0xb2d0e52c0_0 .net "id_ex_rs2", 4 0, v0xb2d0dd220_0;  1 drivers
v0xb2d0e5360_0 .net "id_funct3", 2 0, L_0xb2d089e00;  1 drivers
v0xb2d0e5400_0 .net "id_funct7", 6 0, L_0xb2d089ea0;  1 drivers
v0xb2d0e54a0_0 .net "id_immediate", 31 0, v0xb2d0d95e0_0;  1 drivers
v0xb2d0e5540_0 .net "id_rd", 4 0, L_0xb2d089d60;  1 drivers
v0xb2d0e55e0_0 .net "id_read_data1", 31 0, L_0xb2d0e7700;  1 drivers
v0xb2d0e5680_0 .net "id_read_data2", 31 0, L_0xb2d0e7ac0;  1 drivers
v0xb2d0e5720_0 .net "id_rs1", 4 0, L_0xb2d089c20;  1 drivers
v0xb2d0e57c0_0 .net "id_rs2", 4 0, L_0xb2d089cc0;  1 drivers
v0xb2d0e5860_0 .net "if_id_instruction", 31 0, v0xb2d0dd4a0_0;  1 drivers
v0xb2d0e5900_0 .net "if_id_pc", 31 0, v0xb2d0dd5e0_0;  1 drivers
v0xb2d0e59a0_0 .net "if_id_rs1", 4 0, L_0xb2d089860;  1 drivers
v0xb2d0e5a40_0 .net "if_id_rs2", 4 0, L_0xb2d089900;  1 drivers
v0xb2d0e5ae0_0 .net "if_pc_plus4", 31 0, L_0xb2d04e4e0;  1 drivers
v0xb2d0e5b80_0 .net "instruction", 31 0, L_0xb2cc660d0;  1 drivers
v0xb2d0e5c20_0 .net "mem_read_data", 31 0, v0xb2d0dde00_0;  1 drivers
v0xb2d0e5cc0_0 .net "mem_wb_Jump", 0 0, v0xb2d0de3a0_0;  1 drivers
v0xb2d0e5d60_0 .net "mem_wb_MemtoReg", 0 0, v0xb2d0de4e0_0;  1 drivers
v0xb2d0e5e00_0 .net "mem_wb_RegWrite", 0 0, v0xb2d0de620_0;  1 drivers
v0xb2d0e5ea0_0 .net "mem_wb_alu_result", 31 0, v0xb2d0de760_0;  1 drivers
v0xb2d0e5f40_0 .net "mem_wb_pc_plus4", 31 0, v0xb2d0de940_0;  1 drivers
v0xb2d0e5fe0_0 .net "mem_wb_rd", 4 0, v0xb2d0dea80_0;  1 drivers
v0xb2d0e6080_0 .net "mem_wb_read_data", 31 0, v0xb2d0debc0_0;  1 drivers
v0xb2d0e6120_0 .net "next_pc", 31 0, L_0xb2d0e72a0;  1 drivers
v0xb2d0e61c0_0 .net "pc", 31 0, v0xb2d0dee40_0;  1 drivers
v0xb2d0e6260_0 .net "pc_write", 0 0, L_0x104a542c0;  1 drivers
v0xb2d0e6300_0 .net "pipeline_flush", 0 0, L_0xb2ccfc070;  1 drivers
v0xb2d0e63a0_0 .net "reset", 0 0, v0xb2d0e6580_0;  1 drivers
v0xb2d0e6440_0 .net "wb_write_back_data", 31 0, L_0xb2d0f0320;  1 drivers
L_0xb2d04e4e0 .arith/sum 32, v0xb2d0dee40_0, L_0xb2d478328;
L_0xb2d0e72a0 .functor MUXZ 32, L_0xb2d04e4e0, L_0xb2d04e6c0, L_0xb2ccfc070, C4<>;
L_0xb2d089860 .part v0xb2d0dd4a0_0, 15, 5;
L_0xb2d089900 .part v0xb2d0dd4a0_0, 20, 5;
S_0xb2cce8180 .scope module, "EX" "ex_stage" 14 239, 15 3 0, S_0xb2cce8000;
 .timescale -9 -12;
    .port_info 0 /INPUT 32 "read_data1";
    .port_info 1 /INPUT 32 "read_data2";
    .port_info 2 /INPUT 32 "immediate";
    .port_info 3 /INPUT 32 "pc";
    .port_info 4 /INPUT 3 "funct3";
    .port_info 5 /INPUT 7 "funct7";
    .port_info 6 /INPUT 1 "ALUSrc";
    .port_info 7 /INPUT 2 "ALUOp";
    .port_info 8 /INPUT 2 "forwardA";
    .port_info 9 /INPUT 2 "forwardB";
    .port_info 10 /INPUT 32 "ex_mem_alu_result";
    .port_info 11 /INPUT 32 "wb_write_back_data";
    .port_info 12 /OUTPUT 32 "alu_result";
    .port_info 13 /OUTPUT 1 "zero";
    .port_info 14 /OUTPUT 1 "branch_taken";
    .port_info 15 /OUTPUT 32 "branch_target";
    .port_info 16 /OUTPUT 32 "store_data";
    .port_info 17 /OUTPUT 32 "pc_plus4";
L_0xb2cc66140 .functor BUFZ 32, L_0xb2d0f0000, C4<00000000000000000000000000000000>, C4<00000000000000000000000000000000>, C4<00000000000000000000000000000000>;
v0xb2d0d6300_0 .net "ALUOp", 1 0, v0xb2d0dbc00_0;  alias, 1 drivers
v0xb2d0d63a0_0 .net "ALUSrc", 0 0, v0xb2d0dbd40_0;  alias, 1 drivers
L_0xb2d4785b0 .functor BUFT 1, C4<10>, C4<0>, C4<0>, C4<0>;
v0xb2d0d6440_0 .net/2u *"_ivl_0", 1 0, L_0xb2d4785b0;  1 drivers
L_0xb2d478640 .functor BUFT 1, C4<10>, C4<0>, C4<0>, C4<0>;
v0xb2d0d64e0_0 .net/2u *"_ivl_12", 1 0, L_0xb2d478640;  1 drivers
v0xb2d0d6580_0 .net *"_ivl_14", 0 0, L_0xb2d0e7de0;  1 drivers
L_0xb2d478688 .functor BUFT 1, C4<01>, C4<0>, C4<0>, C4<0>;
v0xb2d0d6620_0 .net/2u *"_ivl_16", 1 0, L_0xb2d478688;  1 drivers
v0xb2d0d66c0_0 .net *"_ivl_18", 0 0, L_0xb2d0e7e80;  1 drivers
v0xb2d0d6760_0 .net *"_ivl_2", 0 0, L_0xb2d0e7b60;  1 drivers
v0xb2d0d6800_0 .net *"_ivl_20", 31 0, L_0xb2d0e7f20;  1 drivers
L_0xb2d4786d0 .functor BUFT 1, C4<00000000000000000000000000000100>, C4<0>, C4<0>, C4<0>;
v0xb2d0d68a0_0 .net/2u *"_ivl_30", 31 0, L_0xb2d4786d0;  1 drivers
L_0xb2d4785f8 .functor BUFT 1, C4<01>, C4<0>, C4<0>, C4<0>;
v0xb2d0d6940_0 .net/2u *"_ivl_4", 1 0, L_0xb2d4785f8;  1 drivers
v0xb2d0d69e0_0 .net *"_ivl_6", 0 0, L_0xb2d0e7c00;  1 drivers
v0xb2d0d6a80_0 .net *"_ivl_8", 31 0, L_0xb2d0e7ca0;  1 drivers
v0xb2d0d6b20_0 .net "alu_ctrl", 3 0, v0xb2d0d5ae0_0;  1 drivers
v0xb2d0d6bc0_0 .net "alu_result", 31 0, v0xb2d0d5fe0_0;  alias, 1 drivers
v0xb2d0d6c60_0 .net "branch_taken", 0 0, L_0xb2d0f01e0;  alias, 1 drivers
v0xb2d0d6d00_0 .net "branch_target", 31 0, L_0xb2d04e6c0;  alias, 1 drivers
v0xb2d0d6da0_0 .net "ex_mem_alu_result", 31 0, v0xb2d0d8000_0;  alias, 1 drivers
v0xb2d0d6e40_0 .net "forwardA", 1 0, v0xb2d0d8960_0;  alias, 1 drivers
v0xb2d0d6ee0_0 .net "forwardB", 1 0, v0xb2d0d8a00_0;  alias, 1 drivers
v0xb2d0d6f80_0 .net "funct3", 2 0, v0xb2d0dc780_0;  alias, 1 drivers
v0xb2d0d7020_0 .net "funct7", 6 0, v0xb2d0dc8c0_0;  alias, 1 drivers
v0xb2d0d70c0_0 .net "immediate", 31 0, v0xb2d0dca00_0;  alias, 1 drivers
v0xb2d0d7160_0 .net "operand1", 31 0, L_0xb2d0e7d40;  1 drivers
v0xb2d0d7200_0 .net "operand2", 31 0, L_0xb2d0f00a0;  1 drivers
v0xb2d0d72a0_0 .net "operand2_base", 31 0, L_0xb2d0f0000;  1 drivers
v0xb2d0d7340_0 .net "pc", 31 0, v0xb2d0dcb40_0;  alias, 1 drivers
v0xb2d0d73e0_0 .net "pc_plus4", 31 0, L_0xb2d04e760;  alias, 1 drivers
v0xb2d0d7480_0 .net "read_data1", 31 0, v0xb2d0dcdc0_0;  alias, 1 drivers
v0xb2d0d7520_0 .net "read_data2", 31 0, v0xb2d0dcf00_0;  alias, 1 drivers
v0xb2d0d75c0_0 .net "store_data", 31 0, L_0xb2cc66140;  alias, 1 drivers
v0xb2d0d7660_0 .net "wb_write_back_data", 31 0, L_0xb2d0f0320;  alias, 1 drivers
v0xb2d0d7700_0 .net "zero", 0 0, L_0xb2d0f0140;  alias, 1 drivers
L_0xb2d0e7b60 .cmp/eq 2, v0xb2d0d8960_0, L_0xb2d4785b0;
L_0xb2d0e7c00 .cmp/eq 2, v0xb2d0d8960_0, L_0xb2d4785f8;
L_0xb2d0e7ca0 .functor MUXZ 32, v0xb2d0dcdc0_0, L_0xb2d0f0320, L_0xb2d0e7c00, C4<>;
L_0xb2d0e7d40 .functor MUXZ 32, L_0xb2d0e7ca0, v0xb2d0d8000_0, L_0xb2d0e7b60, C4<>;
L_0xb2d0e7de0 .cmp/eq 2, v0xb2d0d8a00_0, L_0xb2d478640;
L_0xb2d0e7e80 .cmp/eq 2, v0xb2d0d8a00_0, L_0xb2d478688;
L_0xb2d0e7f20 .functor MUXZ 32, v0xb2d0dcf00_0, L_0xb2d0f0320, L_0xb2d0e7e80, C4<>;
L_0xb2d0f0000 .functor MUXZ 32, L_0xb2d0e7f20, v0xb2d0d8000_0, L_0xb2d0e7de0, C4<>;
L_0xb2d0f00a0 .functor MUXZ 32, L_0xb2d0f0000, v0xb2d0dca00_0, v0xb2d0dbd40_0, C4<>;
L_0xb2d04e6c0 .arith/sum 32, v0xb2d0dcb40_0, v0xb2d0dca00_0;
L_0xb2d04e760 .arith/sum 32, v0xb2d0dcb40_0, L_0xb2d4786d0;
S_0xb2cce8300 .scope module, "alu_ctrl_unit" "alu_control" 15 64, 4 3 0, S_0xb2cce8180;
 .timescale -9 -12;
    .port_info 0 /INPUT 2 "ALUOp";
    .port_info 1 /INPUT 3 "funct3";
    .port_info 2 /INPUT 7 "funct7";
    .port_info 3 /OUTPUT 4 "ALUCtrl";
v0xb2d0d5ae0_0 .var "ALUCtrl", 3 0;
v0xb2d0d5b80_0 .net "ALUOp", 1 0, v0xb2d0dbc00_0;  alias, 1 drivers
v0xb2d0d5c20_0 .net "funct3", 2 0, v0xb2d0dc780_0;  alias, 1 drivers
v0xb2d0d5cc0_0 .net "funct7", 6 0, v0xb2d0dc8c0_0;  alias, 1 drivers
E_0xb2cc9e200 .event anyedge, v0xb2d0d5b80_0, v0xb2d0d5c20_0, v0xb2d0d5cc0_0;
S_0xb2cce8480 .scope module, "alu_unit" "alu" 15 78, 5 1 0, S_0xb2cce8180;
 .timescale 0 0;
    .port_info 0 /INPUT 32 "a";
    .port_info 1 /INPUT 32 "b";
    .port_info 2 /INPUT 4 "alu_control";
    .port_info 3 /OUTPUT 32 "result";
    .port_info 4 /OUTPUT 1 "zero";
L_0xb2d478718 .functor BUFT 1, C4<00000000000000000000000000000000>, C4<0>, C4<0>, C4<0>;
v0xb2d0d5d60_0 .net/2u *"_ivl_0", 31 0, L_0xb2d478718;  1 drivers
v0xb2d0d5e00_0 .net "a", 31 0, L_0xb2d0e7d40;  alias, 1 drivers
v0xb2d0d5ea0_0 .net "alu_control", 3 0, v0xb2d0d5ae0_0;  alias, 1 drivers
v0xb2d0d5f40_0 .net "b", 31 0, L_0xb2d0f00a0;  alias, 1 drivers
v0xb2d0d5fe0_0 .var "result", 31 0;
v0xb2d0d6080_0 .net "zero", 0 0, L_0xb2d0f0140;  alias, 1 drivers
E_0xb2cc9e240 .event anyedge, v0xb2d0d5ae0_0, v0xb2d0d5e00_0, v0xb2d0d5f40_0;
L_0xb2d0f0140 .cmp/eq 32, v0xb2d0d5fe0_0, L_0xb2d478718;
S_0xb2cce8600 .scope module, "bc" "branch_comparator" 15 96, 6 3 0, S_0xb2cce8180;
 .timescale -9 -12;
    .port_info 0 /INPUT 32 "rs1_data";
    .port_info 1 /INPUT 32 "rs2_data";
    .port_info 2 /OUTPUT 1 "branch_taken";
v0xb2d0d6120_0 .net "branch_taken", 0 0, L_0xb2d0f01e0;  alias, 1 drivers
v0xb2d0d61c0_0 .net "rs1_data", 31 0, L_0xb2d0e7d40;  alias, 1 drivers
v0xb2d0d6260_0 .net "rs2_data", 31 0, L_0xb2d0f0000;  alias, 1 drivers
L_0xb2d0f01e0 .cmp/eq 32, L_0xb2d0e7d40, L_0xb2d0f0000;
S_0xb2cce8780 .scope module, "EX_MEM" "ex_mem_register" 14 272, 16 3 0, S_0xb2cce8000;
 .timescale -9 -12;
    .port_info 0 /INPUT 1 "clk";
    .port_info 1 /INPUT 1 "reset";
    .port_info 2 /INPUT 32 "alu_result_in";
    .port_info 3 /INPUT 32 "write_data_in";
    .port_info 4 /INPUT 5 "rd_in";
    .port_info 5 /INPUT 32 "branch_target_in";
    .port_info 6 /INPUT 1 "branch_taken_in";
    .port_info 7 /INPUT 32 "pc_plus4_in";
    .port_info 8 /INPUT 1 "RegWrite_in";
    .port_info 9 /INPUT 1 "MemRead_in";
    .port_info 10 /INPUT 1 "MemWrite_in";
    .port_info 11 /INPUT 1 "MemtoReg_in";
    .port_info 12 /INPUT 1 "Branch_in";
    .port_info 13 /INPUT 1 "Jump_in";
    .port_info 14 /OUTPUT 32 "alu_result_out";
    .port_info 15 /OUTPUT 32 "write_data_out";
    .port_info 16 /OUTPUT 5 "rd_out";
    .port_info 17 /OUTPUT 32 "branch_target_out";
    .port_info 18 /OUTPUT 1 "branch_taken_out";
    .port_info 19 /OUTPUT 32 "pc_plus4_out";
    .port_info 20 /OUTPUT 1 "RegWrite_out";
    .port_info 21 /OUTPUT 1 "MemRead_out";
    .port_info 22 /OUTPUT 1 "MemWrite_out";
    .port_info 23 /OUTPUT 1 "MemtoReg_out";
    .port_info 24 /OUTPUT 1 "Branch_out";
    .port_info 25 /OUTPUT 1 "Jump_out";
v0xb2d0d77a0_0 .net "Branch_in", 0 0, v0xb2d0dbe80_0;  alias, 1 drivers
v0xb2d0d7840_0 .var "Branch_out", 0 0;
v0xb2d0d78e0_0 .net "Jump_in", 0 0, v0xb2d0dc000_0;  alias, 1 drivers
v0xb2d0d7980_0 .var "Jump_out", 0 0;
v0xb2d0d7a20_0 .net "MemRead_in", 0 0, v0xb2d0dc140_0;  alias, 1 drivers
v0xb2d0d7ac0_0 .var "MemRead_out", 0 0;
v0xb2d0d7b60_0 .net "MemWrite_in", 0 0, v0xb2d0dc280_0;  alias, 1 drivers
v0xb2d0d7c00_0 .var "MemWrite_out", 0 0;
v0xb2d0d7ca0_0 .net "MemtoReg_in", 0 0, v0xb2d0dc3c0_0;  alias, 1 drivers
v0xb2d0d7d40_0 .var "MemtoReg_out", 0 0;
v0xb2d0d7de0_0 .net "RegWrite_in", 0 0, v0xb2d0dc500_0;  alias, 1 drivers
v0xb2d0d7e80_0 .var "RegWrite_out", 0 0;
v0xb2d0d7f20_0 .net "alu_result_in", 31 0, v0xb2d0d5fe0_0;  alias, 1 drivers
v0xb2d0d8000_0 .var "alu_result_out", 31 0;
v0xb2d0d80a0_0 .net "branch_taken_in", 0 0, L_0xb2d0f01e0;  alias, 1 drivers
v0xb2d0d8140_0 .var "branch_taken_out", 0 0;
v0xb2d0d81e0_0 .net "branch_target_in", 31 0, L_0xb2d04e6c0;  alias, 1 drivers
v0xb2d0d8280_0 .var "branch_target_out", 31 0;
v0xb2d0d8320_0 .net "clk", 0 0, v0xb2d0e64e0_0;  alias, 1 drivers
v0xb2d0d83c0_0 .net "pc_plus4_in", 31 0, L_0xb2d04e760;  alias, 1 drivers
v0xb2d0d8460_0 .var "pc_plus4_out", 31 0;
v0xb2d0d8500_0 .net "rd_in", 4 0, v0xb2d0dcc80_0;  alias, 1 drivers
v0xb2d0d85a0_0 .var "rd_out", 4 0;
v0xb2d0d8640_0 .net "reset", 0 0, v0xb2d0e6580_0;  alias, 1 drivers
v0xb2d0d86e0_0 .net "write_data_in", 31 0, L_0xb2cc66140;  alias, 1 drivers
v0xb2d0d8780_0 .var "write_data_out", 31 0;
E_0xb2cc9e300 .event posedge, v0xb2d0d8640_0, v0xb2d0d8320_0;
S_0xb2cce8900 .scope module, "FU" "forwarding_unit" 14 221, 17 5 0, S_0xb2cce8000;
 .timescale -9 -12;
    .port_info 0 /INPUT 5 "id_ex_rs1";
    .port_info 1 /INPUT 5 "id_ex_rs2";
    .port_info 2 /INPUT 5 "ex_mem_rd";
    .port_info 3 /INPUT 1 "ex_mem_regwrite";
    .port_info 4 /INPUT 5 "mem_wb_rd";
    .port_info 5 /INPUT 1 "mem_wb_regwrite";
    .port_info 6 /OUTPUT 2 "forwardA";
    .port_info 7 /OUTPUT 2 "forwardB";
v0xb2d0d8820_0 .net "ex_mem_rd", 4 0, v0xb2d0d85a0_0;  alias, 1 drivers
v0xb2d0d88c0_0 .net "ex_mem_regwrite", 0 0, v0xb2d0d7e80_0;  alias, 1 drivers
v0xb2d0d8960_0 .var "forwardA", 1 0;
v0xb2d0d8a00_0 .var "forwardB", 1 0;
v0xb2d0d8aa0_0 .net "id_ex_rs1", 4 0, v0xb2d0dd0e0_0;  alias, 1 drivers
v0xb2d0d8b40_0 .net "id_ex_rs2", 4 0, v0xb2d0dd220_0;  alias, 1 drivers
v0xb2d0d8be0_0 .net "mem_wb_rd", 4 0, v0xb2d0dea80_0;  alias, 1 drivers
v0xb2d0d8c80_0 .net "mem_wb_regwrite", 0 0, v0xb2d0de620_0;  alias, 1 drivers
E_0xb2cc9e3c0/0 .event anyedge, v0xb2d0d7e80_0, v0xb2d0d85a0_0, v0xb2d0d8aa0_0, v0xb2d0d8c80_0;
E_0xb2cc9e3c0/1 .event anyedge, v0xb2d0d8be0_0, v0xb2d0d8b40_0;
E_0xb2cc9e3c0 .event/or E_0xb2cc9e3c0/0, E_0xb2cc9e3c0/1;
S_0xb2cce8a80 .scope module, "HDU" "hazard_detection_unit" 14 155, 18 7 0, S_0xb2cce8000;
 .timescale -9 -12;
    .port_info 0 /INPUT 1 "id_ex_memread";
    .port_info 1 /INPUT 5 "id_ex_rd";
    .port_info 2 /INPUT 5 "if_id_rs1";
    .port_info 3 /INPUT 5 "if_id_rs2";
    .port_info 4 /OUTPUT 1 "stall";
v0xb2d0d8d20_0 .net "id_ex_memread", 0 0, v0xb2d0dc140_0;  alias, 1 drivers
v0xb2d0d8dc0_0 .net "id_ex_rd", 4 0, v0xb2d0dcc80_0;  alias, 1 drivers
v0xb2d0d8e60_0 .net "if_id_rs1", 4 0, L_0xb2d089860;  alias, 1 drivers
v0xb2d0d8f00_0 .net "if_id_rs2", 4 0, L_0xb2d089900;  alias, 1 drivers
v0xb2d0d8fa0_0 .var "stall", 0 0;
E_0xb2cc9e400 .event anyedge, v0xb2d0d7a20_0, v0xb2d0d8500_0, v0xb2d0d8e60_0, v0xb2d0d8f00_0;
S_0xb2cce8c00 .scope module, "ID" "id_stage" 14 118, 19 3 0, S_0xb2cce8000;
 .timescale -9 -12;
    .port_info 0 /INPUT 1 "clk";
    .port_info 1 /INPUT 1 "reset";
    .port_info 2 /INPUT 32 "instruction";
    .port_info 3 /INPUT 32 "write_data";
    .port_info 4 /INPUT 5 "write_reg";
    .port_info 5 /INPUT 1 "reg_write";
    .port_info 6 /OUTPUT 32 "read_data1";
    .port_info 7 /OUTPUT 32 "read_data2";
    .port_info 8 /OUTPUT 32 "immediate";
    .port_info 9 /OUTPUT 5 "rs1";
    .port_info 10 /OUTPUT 5 "rs2";
    .port_info 11 /OUTPUT 5 "rd";
    .port_info 12 /OUTPUT 3 "funct3";
    .port_info 13 /OUTPUT 7 "funct7";
    .port_info 14 /OUTPUT 1 "RegWrite";
    .port_info 15 /OUTPUT 1 "ALUSrc";
    .port_info 16 /OUTPUT 1 "MemRead";
    .port_info 17 /OUTPUT 1 "MemWrite";
    .port_info 18 /OUTPUT 1 "MemtoReg";
    .port_info 19 /OUTPUT 1 "Branch";
    .port_info 20 /OUTPUT 1 "Jump";
    .port_info 21 /OUTPUT 2 "ALUOp";
v0xb2d0dada0_0 .net "ALUOp", 1 0, v0xb2d0d9040_0;  alias, 1 drivers
v0xb2d0dae40_0 .net "ALUSrc", 0 0, v0xb2d0d90e0_0;  alias, 1 drivers
v0xb2d0daee0_0 .net "Branch", 0 0, v0xb2d0d9180_0;  alias, 1 drivers
v0xb2d0daf80_0 .net "Jump", 0 0, v0xb2d0d9220_0;  alias, 1 drivers
v0xb2d0db020_0 .net "MemRead", 0 0, v0xb2d0d92c0_0;  alias, 1 drivers
v0xb2d0db0c0_0 .net "MemWrite", 0 0, v0xb2d0d9360_0;  alias, 1 drivers
v0xb2d0db160_0 .net "MemtoReg", 0 0, v0xb2d0d9400_0;  alias, 1 drivers
v0xb2d0db200_0 .net "RegWrite", 0 0, v0xb2d0d94a0_0;  alias, 1 drivers
v0xb2d0db2a0_0 .net "clk", 0 0, v0xb2d0e64e0_0;  alias, 1 drivers
v0xb2d0db340_0 .net "funct3", 2 0, L_0xb2d089e00;  alias, 1 drivers
v0xb2d0db3e0_0 .net "funct7", 6 0, L_0xb2d089ea0;  alias, 1 drivers
v0xb2d0db480_0 .net "immediate", 31 0, v0xb2d0d95e0_0;  alias, 1 drivers
v0xb2d0db520_0 .net "instruction", 31 0, v0xb2d0dd4a0_0;  alias, 1 drivers
v0xb2d0db5c0_0 .net "rd", 4 0, L_0xb2d089d60;  alias, 1 drivers
v0xb2d0db660_0 .net "read_data1", 31 0, L_0xb2d0e7700;  alias, 1 drivers
v0xb2d0db700_0 .net "read_data2", 31 0, L_0xb2d0e7ac0;  alias, 1 drivers
v0xb2d0db7a0_0 .net "reg_write", 0 0, v0xb2d0de620_0;  alias, 1 drivers
v0xb2d0db840_0 .net "reset", 0 0, v0xb2d0e6580_0;  alias, 1 drivers
v0xb2d0db8e0_0 .net "rs1", 4 0, L_0xb2d089c20;  alias, 1 drivers
v0xb2d0db980_0 .net "rs2", 4 0, L_0xb2d089cc0;  alias, 1 drivers
v0xb2d0dba20_0 .net "write_data", 31 0, L_0xb2d0f0320;  alias, 1 drivers
v0xb2d0dbac0_0 .net "write_reg", 4 0, v0xb2d0dea80_0;  alias, 1 drivers
L_0xb2d0899a0 .part v0xb2d0dd4a0_0, 15, 5;
L_0xb2d089a40 .part v0xb2d0dd4a0_0, 20, 5;
L_0xb2d089ae0 .part v0xb2d0dd4a0_0, 0, 7;
L_0xb2d089c20 .part v0xb2d0dd4a0_0, 15, 5;
L_0xb2d089cc0 .part v0xb2d0dd4a0_0, 20, 5;
L_0xb2d089d60 .part v0xb2d0dd4a0_0, 7, 5;
L_0xb2d089e00 .part v0xb2d0dd4a0_0, 12, 3;
L_0xb2d089ea0 .part v0xb2d0dd4a0_0, 25, 7;
S_0xb2cce8d80 .scope module, "cu" "control_unit" 19 55, 7 3 0, S_0xb2cce8c00;
 .timescale -9 -12;
    .port_info 0 /INPUT 7 "opcode";
    .port_info 1 /OUTPUT 1 "RegWrite";
    .port_info 2 /OUTPUT 1 "ALUSrc";
    .port_info 3 /OUTPUT 1 "MemRead";
    .port_info 4 /OUTPUT 1 "MemWrite";
    .port_info 5 /OUTPUT 1 "MemtoReg";
    .port_info 6 /OUTPUT 1 "Branch";
    .port_info 7 /OUTPUT 1 "Jump";
    .port_info 8 /OUTPUT 2 "ALUOp";
v0xb2d0d9040_0 .var "ALUOp", 1 0;
v0xb2d0d90e0_0 .var "ALUSrc", 0 0;
v0xb2d0d9180_0 .var "Branch", 0 0;
v0xb2d0d9220_0 .var "Jump", 0 0;
v0xb2d0d92c0_0 .var "MemRead", 0 0;
v0xb2d0d9360_0 .var "MemWrite", 0 0;
v0xb2d0d9400_0 .var "MemtoReg", 0 0;
v0xb2d0d94a0_0 .var "RegWrite", 0 0;
v0xb2d0d9540_0 .net "opcode", 6 0, L_0xb2d089ae0;  1 drivers
E_0xb2cc9e440 .event anyedge, v0xb2d0d9540_0;
S_0xb2cce8f00 .scope module, "ig" "immediate_generator" 19 70, 10 3 0, S_0xb2cce8c00;
 .timescale -9 -12;
    .port_info 0 /INPUT 32 "instruction";
    .port_info 1 /OUTPUT 32 "immediate";
v0xb2d0d95e0_0 .var "immediate", 31 0;
v0xb2d0d9680_0 .net "instruction", 31 0, v0xb2d0dd4a0_0;  alias, 1 drivers
v0xb2d0d9720_0 .net "opcode", 6 0, L_0xb2d089b80;  1 drivers
E_0xb2cc9e4c0 .event anyedge, v0xb2d0d9720_0, v0xb2d0d9680_0;
L_0xb2d089b80 .part v0xb2d0dd4a0_0, 0, 7;
S_0xb2cce9080 .scope module, "rf" "register_file" 19 38, 12 1 0, S_0xb2cce8c00;
 .timescale -9 -12;
    .port_info 0 /INPUT 1 "clk";
    .port_info 1 /INPUT 1 "we";
    .port_info 2 /INPUT 1 "reset";
    .port_info 3 /INPUT 5 "rs1";
    .port_info 4 /INPUT 5 "rs2";
    .port_info 5 /INPUT 5 "rd";
    .port_info 6 /INPUT 32 "write_data";
    .port_info 7 /OUTPUT 32 "read_data1";
    .port_info 8 /OUTPUT 32 "read_data2";
L_0x104a52e90 .functor AND 1, v0xb2d0de620_0, L_0xb2d0e7480, C4<1>, C4<1>;
L_0x104a52f00 .functor AND 1, L_0x104a52e90, L_0xb2d0e7520, C4<1>, C4<1>;
L_0x104a563d0 .functor AND 1, v0xb2d0de620_0, L_0xb2d0e7840, C4<1>, C4<1>;
L_0x104a49540 .functor AND 1, L_0x104a563d0, L_0xb2d0e78e0, C4<1>, C4<1>;
L_0xb2d478370 .functor BUFT 1, C4<00000>, C4<0>, C4<0>, C4<0>;
v0xb2d0d97c0_0 .net/2u *"_ivl_0", 4 0, L_0xb2d478370;  1 drivers
L_0xb2d478400 .functor BUFT 1, C4<00000>, C4<0>, C4<0>, C4<0>;
v0xb2d0d9860_0 .net/2u *"_ivl_10", 4 0, L_0xb2d478400;  1 drivers
v0xb2d0d9900_0 .net *"_ivl_12", 0 0, L_0xb2d0e7520;  1 drivers
v0xb2d0d99a0_0 .net *"_ivl_15", 0 0, L_0x104a52f00;  1 drivers
v0xb2d0d9a40_0 .net *"_ivl_16", 31 0, L_0xb2d0e75c0;  1 drivers
v0xb2d0d9ae0_0 .net *"_ivl_18", 6 0, L_0xb2d04e580;  1 drivers
v0xb2d0d9b80_0 .net *"_ivl_2", 0 0, L_0xb2d0e73e0;  1 drivers
L_0xb2d478448 .functor BUFT 1, C4<00>, C4<0>, C4<0>, C4<0>;
v0xb2d0d9c20_0 .net *"_ivl_21", 1 0, L_0xb2d478448;  1 drivers
v0xb2d0d9cc0_0 .net *"_ivl_22", 31 0, L_0xb2d0e7660;  1 drivers
L_0xb2d478490 .functor BUFT 1, C4<00000>, C4<0>, C4<0>, C4<0>;
v0xb2d0d9d60_0 .net/2u *"_ivl_26", 4 0, L_0xb2d478490;  1 drivers
v0xb2d0d9e00_0 .net *"_ivl_28", 0 0, L_0xb2d0e77a0;  1 drivers
L_0xb2d4784d8 .functor BUFT 1, C4<00000000000000000000000000000000>, C4<0>, C4<0>, C4<0>;
v0xb2d0d9ea0_0 .net/2u *"_ivl_30", 31 0, L_0xb2d4784d8;  1 drivers
v0xb2d0d9f40_0 .net *"_ivl_32", 0 0, L_0xb2d0e7840;  1 drivers
v0xb2d0d9fe0_0 .net *"_ivl_35", 0 0, L_0x104a563d0;  1 drivers
L_0xb2d478520 .functor BUFT 1, C4<00000>, C4<0>, C4<0>, C4<0>;
v0xb2d0da080_0 .net/2u *"_ivl_36", 4 0, L_0xb2d478520;  1 drivers
v0xb2d0da120_0 .net *"_ivl_38", 0 0, L_0xb2d0e78e0;  1 drivers
L_0xb2d4783b8 .functor BUFT 1, C4<00000000000000000000000000000000>, C4<0>, C4<0>, C4<0>;
v0xb2d0da1c0_0 .net/2u *"_ivl_4", 31 0, L_0xb2d4783b8;  1 drivers
v0xb2d0da260_0 .net *"_ivl_41", 0 0, L_0x104a49540;  1 drivers
v0xb2d0da300_0 .net *"_ivl_42", 31 0, L_0xb2d0e7980;  1 drivers
v0xb2d0da3a0_0 .net *"_ivl_44", 6 0, L_0xb2d04e620;  1 drivers
L_0xb2d478568 .functor BUFT 1, C4<00>, C4<0>, C4<0>, C4<0>;
v0xb2d0da440_0 .net *"_ivl_47", 1 0, L_0xb2d478568;  1 drivers
v0xb2d0da4e0_0 .net *"_ivl_48", 31 0, L_0xb2d0e7a20;  1 drivers
v0xb2d0da580_0 .net *"_ivl_6", 0 0, L_0xb2d0e7480;  1 drivers
v0xb2d0da620_0 .net *"_ivl_9", 0 0, L_0x104a52e90;  1 drivers
v0xb2d0da6c0_0 .net "clk", 0 0, v0xb2d0e64e0_0;  alias, 1 drivers
v0xb2d0da760_0 .var/i "i", 31 0;
v0xb2d0da800_0 .net "rd", 4 0, v0xb2d0dea80_0;  alias, 1 drivers
v0xb2d0da8a0_0 .net "read_data1", 31 0, L_0xb2d0e7700;  alias, 1 drivers
v0xb2d0da940_0 .net "read_data2", 31 0, L_0xb2d0e7ac0;  alias, 1 drivers
v0xb2d0da9e0 .array "registers", 31 0, 31 0;
v0xb2d0daa80_0 .net "reset", 0 0, v0xb2d0e6580_0;  alias, 1 drivers
v0xb2d0dab20_0 .net "rs1", 4 0, L_0xb2d0899a0;  1 drivers
v0xb2d0dabc0_0 .net "rs2", 4 0, L_0xb2d089a40;  1 drivers
v0xb2d0dac60_0 .net "we", 0 0, v0xb2d0de620_0;  alias, 1 drivers
v0xb2d0dad00_0 .net "write_data", 31 0, L_0xb2d0f0320;  alias, 1 drivers
L_0xb2d0e73e0 .cmp/eq 5, L_0xb2d0899a0, L_0xb2d478370;
L_0xb2d0e7480 .cmp/eq 5, v0xb2d0dea80_0, L_0xb2d0899a0;
L_0xb2d0e7520 .cmp/ne 5, v0xb2d0dea80_0, L_0xb2d478400;
L_0xb2d0e75c0 .array/port v0xb2d0da9e0, L_0xb2d04e580;
L_0xb2d04e580 .concat [ 5 2 0 0], L_0xb2d0899a0, L_0xb2d478448;
L_0xb2d0e7660 .functor MUXZ 32, L_0xb2d0e75c0, L_0xb2d0f0320, L_0x104a52f00, C4<>;
L_0xb2d0e7700 .functor MUXZ 32, L_0xb2d0e7660, L_0xb2d4783b8, L_0xb2d0e73e0, C4<>;
L_0xb2d0e77a0 .cmp/eq 5, L_0xb2d089a40, L_0xb2d478490;
L_0xb2d0e7840 .cmp/eq 5, v0xb2d0dea80_0, L_0xb2d089a40;
L_0xb2d0e78e0 .cmp/ne 5, v0xb2d0dea80_0, L_0xb2d478520;
L_0xb2d0e7980 .array/port v0xb2d0da9e0, L_0xb2d04e620;
L_0xb2d04e620 .concat [ 5 2 0 0], L_0xb2d089a40, L_0xb2d478568;
L_0xb2d0e7a20 .functor MUXZ 32, L_0xb2d0e7980, L_0xb2d0f0320, L_0x104a49540, C4<>;
L_0xb2d0e7ac0 .functor MUXZ 32, L_0xb2d0e7a20, L_0xb2d4784d8, L_0xb2d0e77a0, C4<>;
S_0xb2cce9200 .scope module, "ID_EX" "id_ex_register" 14 169, 20 3 0, S_0xb2cce8000;
 .timescale -9 -12;
    .port_info 0 /INPUT 1 "clk";
    .port_info 1 /INPUT 1 "reset";
    .port_info 2 /INPUT 1 "flush";
    .port_info 3 /INPUT 32 "pc_in";
    .port_info 4 /INPUT 32 "read_data1_in";
    .port_info 5 /INPUT 32 "read_data2_in";
    .port_info 6 /INPUT 32 "immediate_in";
    .port_info 7 /INPUT 5 "rs1_in";
    .port_info 8 /INPUT 5 "rs2_in";
    .port_info 9 /INPUT 5 "rd_in";
    .port_info 10 /INPUT 3 "funct3_in";
    .port_info 11 /INPUT 7 "funct7_in";
    .port_info 12 /INPUT 1 "RegWrite_in";
    .port_info 13 /INPUT 1 "ALUSrc_in";
    .port_info 14 /INPUT 1 "MemRead_in";
    .port_info 15 /INPUT 1 "MemWrite_in";
    .port_info 16 /INPUT 1 "MemtoReg_in";
    .port_info 17 /INPUT 1 "Branch_in";
    .port_info 18 /INPUT 1 "Jump_in";
    .port_info 19 /INPUT 2 "ALUOp_in";
    .port_info 20 /OUTPUT 32 "pc_out";
    .port_info 21 /OUTPUT 32 "read_data1_out";
    .port_info 22 /OUTPUT 32 "read_data2_out";
    .port_info 23 /OUTPUT 32 "immediate_out";
    .port_info 24 /OUTPUT 5 "rs1_out";
    .port_info 25 /OUTPUT 5 "rs2_out";
    .port_info 26 /OUTPUT 5 "rd_out";
    .port_info 27 /OUTPUT 3 "funct3_out";
    .port_info 28 /OUTPUT 7 "funct7_out";
    .port_info 29 /OUTPUT 1 "RegWrite_out";
    .port_info 30 /OUTPUT 1 "ALUSrc_out";
    .port_info 31 /OUTPUT 1 "MemRead_out";
    .port_info 32 /OUTPUT 1 "MemWrite_out";
    .port_info 33 /OUTPUT 1 "MemtoReg_out";
    .port_info 34 /OUTPUT 1 "Branch_out";
    .port_info 35 /OUTPUT 1 "Jump_out";
    .port_info 36 /OUTPUT 2 "ALUOp_out";
v0xb2d0dbb60_0 .net "ALUOp_in", 1 0, v0xb2d0d9040_0;  alias, 1 drivers
v0xb2d0dbc00_0 .var "ALUOp_out", 1 0;
v0xb2d0dbca0_0 .net "ALUSrc_in", 0 0, v0xb2d0d90e0_0;  alias, 1 drivers
v0xb2d0dbd40_0 .var "ALUSrc_out", 0 0;
v0xb2d0dbde0_0 .net "Branch_in", 0 0, v0xb2d0d9180_0;  alias, 1 drivers
v0xb2d0dbe80_0 .var "Branch_out", 0 0;
v0xb2d0dbf20_0 .net "Jump_in", 0 0, v0xb2d0d9220_0;  alias, 1 drivers
v0xb2d0dc000_0 .var "Jump_out", 0 0;
v0xb2d0dc0a0_0 .net "MemRead_in", 0 0, v0xb2d0d92c0_0;  alias, 1 drivers
v0xb2d0dc140_0 .var "MemRead_out", 0 0;
v0xb2d0dc1e0_0 .net "MemWrite_in", 0 0, v0xb2d0d9360_0;  alias, 1 drivers
v0xb2d0dc280_0 .var "MemWrite_out", 0 0;
v0xb2d0dc320_0 .net "MemtoReg_in", 0 0, v0xb2d0d9400_0;  alias, 1 drivers
v0xb2d0dc3c0_0 .var "MemtoReg_out", 0 0;
v0xb2d0dc460_0 .net "RegWrite_in", 0 0, v0xb2d0d94a0_0;  alias, 1 drivers
v0xb2d0dc500_0 .var "RegWrite_out", 0 0;
v0xb2d0dc5a0_0 .net "clk", 0 0, v0xb2d0e64e0_0;  alias, 1 drivers
v0xb2d0dc640_0 .net "flush", 0 0, L_0x104a56440;  1 drivers
v0xb2d0dc6e0_0 .net "funct3_in", 2 0, L_0xb2d089e00;  alias, 1 drivers
v0xb2d0dc780_0 .var "funct3_out", 2 0;
v0xb2d0dc820_0 .net "funct7_in", 6 0, L_0xb2d089ea0;  alias, 1 drivers
v0xb2d0dc8c0_0 .var "funct7_out", 6 0;
v0xb2d0dc960_0 .net "immediate_in", 31 0, v0xb2d0d95e0_0;  alias, 1 drivers
v0xb2d0dca00_0 .var "immediate_out", 31 0;
v0xb2d0dcaa0_0 .net "pc_in", 31 0, v0xb2d0dd5e0_0;  alias, 1 drivers
v0xb2d0dcb40_0 .var "pc_out", 31 0;
v0xb2d0dcbe0_0 .net "rd_in", 4 0, L_0xb2d089d60;  alias, 1 drivers
v0xb2d0dcc80_0 .var "rd_out", 4 0;
v0xb2d0dcd20_0 .net "read_data1_in", 31 0, L_0xb2d0e7700;  alias, 1 drivers
v0xb2d0dcdc0_0 .var "read_data1_out", 31 0;
v0xb2d0dce60_0 .net "read_data2_in", 31 0, L_0xb2d0e7ac0;  alias, 1 drivers
v0xb2d0dcf00_0 .var "read_data2_out", 31 0;
v0xb2d0dcfa0_0 .net "reset", 0 0, v0xb2d0e6580_0;  alias, 1 drivers
v0xb2d0dd040_0 .net "rs1_in", 4 0, L_0xb2d089c20;  alias, 1 drivers
v0xb2d0dd0e0_0 .var "rs1_out", 4 0;
v0xb2d0dd180_0 .net "rs2_in", 4 0, L_0xb2d089cc0;  alias, 1 drivers
v0xb2d0dd220_0 .var "rs2_out", 4 0;
S_0xb2cce9380 .scope module, "IF_ID" "if_id_register" 14 98, 21 3 0, S_0xb2cce8000;
 .timescale -9 -12;
    .port_info 0 /INPUT 1 "clk";
    .port_info 1 /INPUT 1 "reset";
    .port_info 2 /INPUT 1 "stall";
    .port_info 3 /INPUT 1 "flush";
    .port_info 4 /INPUT 32 "pc_in";
    .port_info 5 /INPUT 32 "instruction_in";
    .port_info 6 /OUTPUT 32 "pc_out";
    .port_info 7 /OUTPUT 32 "instruction_out";
v0xb2d0dd2c0_0 .net "clk", 0 0, v0xb2d0e64e0_0;  alias, 1 drivers
v0xb2d0dd360_0 .net "flush", 0 0, L_0xb2ccfc070;  alias, 1 drivers
v0xb2d0dd400_0 .net "instruction_in", 31 0, L_0xb2cc660d0;  alias, 1 drivers
v0xb2d0dd4a0_0 .var "instruction_out", 31 0;
v0xb2d0dd540_0 .net "pc_in", 31 0, v0xb2d0dee40_0;  alias, 1 drivers
v0xb2d0dd5e0_0 .var "pc_out", 31 0;
v0xb2d0dd680_0 .net "reset", 0 0, v0xb2d0e6580_0;  alias, 1 drivers
v0xb2d0dd720_0 .net "stall", 0 0, v0xb2d0d8fa0_0;  alias, 1 drivers
S_0xb2cce9500 .scope module, "IM" "instruction_memory" 14 89, 9 3 0, S_0xb2cce8000;
 .timescale -9 -12;
    .port_info 0 /INPUT 32 "pc";
    .port_info 1 /OUTPUT 32 "instruction";
L_0xb2cc660d0 .functor BUFZ 32, L_0xb2d0e7340, C4<00000000000000000000000000000000>, C4<00000000000000000000000000000000>, C4<00000000000000000000000000000000>;
v0xb2d0dd7c0_0 .net *"_ivl_0", 31 0, L_0xb2d0e7340;  1 drivers
v0xb2d0dd860_0 .net *"_ivl_3", 29 0, L_0xb2d0897c0;  1 drivers
v0xb2d0dd900_0 .net "instruction", 31 0, L_0xb2cc660d0;  alias, 1 drivers
v0xb2d0dd9a0 .array "memory", 255 0, 31 0;
v0xb2d0dda40_0 .net "pc", 31 0, v0xb2d0dee40_0;  alias, 1 drivers
L_0xb2d0e7340 .array/port v0xb2d0dd9a0, L_0xb2d0897c0;
L_0xb2d0897c0 .part v0xb2d0dee40_0, 2, 30;
S_0xb2cce9680 .scope module, "MEM" "mem_stage" 14 309, 22 3 0, S_0xb2cce8000;
 .timescale -9 -12;
    .port_info 0 /INPUT 1 "clk";
    .port_info 1 /INPUT 1 "MemRead";
    .port_info 2 /INPUT 1 "MemWrite";
    .port_info 3 /INPUT 32 "address";
    .port_info 4 /INPUT 32 "write_data";
    .port_info 5 /OUTPUT 32 "read_data";
v0xb2d0ddf40_0 .net "MemRead", 0 0, v0xb2d0d7ac0_0;  alias, 1 drivers
v0xb2d0ddfe0_0 .net "MemWrite", 0 0, v0xb2d0d7c00_0;  alias, 1 drivers
v0xb2d0de080_0 .net "address", 31 0, v0xb2d0d8000_0;  alias, 1 drivers
v0xb2d0de120_0 .net "clk", 0 0, v0xb2d0e64e0_0;  alias, 1 drivers
v0xb2d0de1c0_0 .net "read_data", 31 0, v0xb2d0dde00_0;  alias, 1 drivers
v0xb2d0de260_0 .net "write_data", 31 0, v0xb2d0d8780_0;  alias, 1 drivers
S_0xb2cce9800 .scope module, "dm" "data_memory" 22 17, 8 3 0, S_0xb2cce9680;
 .timescale -9 -12;
    .port_info 0 /INPUT 1 "clk";
    .port_info 1 /INPUT 1 "mem_write";
    .port_info 2 /INPUT 1 "mem_read";
    .port_info 3 /INPUT 32 "address";
    .port_info 4 /INPUT 32 "write_data";
    .port_info 5 /OUTPUT 32 "read_data";
v0xb2d0ddae0_0 .net "address", 31 0, v0xb2d0d8000_0;  alias, 1 drivers
v0xb2d0ddb80_0 .net "clk", 0 0, v0xb2d0e64e0_0;  alias, 1 drivers
v0xb2d0ddc20_0 .net "mem_read", 0 0, v0xb2d0d7ac0_0;  alias, 1 drivers
v0xb2d0ddcc0_0 .net "mem_write", 0 0, v0xb2d0d7c00_0;  alias, 1 drivers
v0xb2d0ddd60 .array "memory", 255 0, 31 0;
v0xb2d0dde00_0 .var "read_data", 31 0;
v0xb2d0ddea0_0 .net "write_data", 31 0, v0xb2d0d8780_0;  alias, 1 drivers
v0xb2d0ddd60_0 .array/port v0xb2d0ddd60, 0;
v0xb2d0ddd60_1 .array/port v0xb2d0ddd60, 1;
E_0xb2cc9ea40/0 .event anyedge, v0xb2d0d7ac0_0, v0xb2d0d6da0_0, v0xb2d0ddd60_0, v0xb2d0ddd60_1;
v0xb2d0ddd60_2 .array/port v0xb2d0ddd60, 2;
v0xb2d0ddd60_3 .array/port v0xb2d0ddd60, 3;
v0xb2d0ddd60_4 .array/port v0xb2d0ddd60, 4;
v0xb2d0ddd60_5 .array/port v0xb2d0ddd60, 5;
E_0xb2cc9ea40/1 .event anyedge, v0xb2d0ddd60_2, v0xb2d0ddd60_3, v0xb2d0ddd60_4, v0xb2d0ddd60_5;
v0xb2d0ddd60_6 .array/port v0xb2d0ddd60, 6;
v0xb2d0ddd60_7 .array/port v0xb2d0ddd60, 7;
v0xb2d0ddd60_8 .array/port v0xb2d0ddd60, 8;
v0xb2d0ddd60_9 .array/port v0xb2d0ddd60, 9;
E_0xb2cc9ea40/2 .event anyedge, v0xb2d0ddd60_6, v0xb2d0ddd60_7, v0xb2d0ddd60_8, v0xb2d0ddd60_9;
v0xb2d0ddd60_10 .array/port v0xb2d0ddd60, 10;
v0xb2d0ddd60_11 .array/port v0xb2d0ddd60, 11;
v0xb2d0ddd60_12 .array/port v0xb2d0ddd60, 12;
v0xb2d0ddd60_13 .array/port v0xb2d0ddd60, 13;
E_0xb2cc9ea40/3 .event anyedge, v0xb2d0ddd60_10, v0xb2d0ddd60_11, v0xb2d0ddd60_12, v0xb2d0ddd60_13;
v0xb2d0ddd60_14 .array/port v0xb2d0ddd60, 14;
v0xb2d0ddd60_15 .array/port v0xb2d0ddd60, 15;
v0xb2d0ddd60_16 .array/port v0xb2d0ddd60, 16;
v0xb2d0ddd60_17 .array/port v0xb2d0ddd60, 17;
E_0xb2cc9ea40/4 .event anyedge, v0xb2d0ddd60_14, v0xb2d0ddd60_15, v0xb2d0ddd60_16, v0xb2d0ddd60_17;
v0xb2d0ddd60_18 .array/port v0xb2d0ddd60, 18;
v0xb2d0ddd60_19 .array/port v0xb2d0ddd60, 19;
v0xb2d0ddd60_20 .array/port v0xb2d0ddd60, 20;
v0xb2d0ddd60_21 .array/port v0xb2d0ddd60, 21;
E_0xb2cc9ea40/5 .event anyedge, v0xb2d0ddd60_18, v0xb2d0ddd60_19, v0xb2d0ddd60_20, v0xb2d0ddd60_21;
v0xb2d0ddd60_22 .array/port v0xb2d0ddd60, 22;
v0xb2d0ddd60_23 .array/port v0xb2d0ddd60, 23;
v0xb2d0ddd60_24 .array/port v0xb2d0ddd60, 24;
v0xb2d0ddd60_25 .array/port v0xb2d0ddd60, 25;
E_0xb2cc9ea40/6 .event anyedge, v0xb2d0ddd60_22, v0xb2d0ddd60_23, v0xb2d0ddd60_24, v0xb2d0ddd60_25;
v0xb2d0ddd60_26 .array/port v0xb2d0ddd60, 26;
v0xb2d0ddd60_27 .array/port v0xb2d0ddd60, 27;
v0xb2d0ddd60_28 .array/port v0xb2d0ddd60, 28;
v0xb2d0ddd60_29 .array/port v0xb2d0ddd60, 29;
E_0xb2cc9ea40/7 .event anyedge, v0xb2d0ddd60_26, v0xb2d0ddd60_27, v0xb2d0ddd60_28, v0xb2d0ddd60_29;
v0xb2d0ddd60_30 .array/port v0xb2d0ddd60, 30;
v0xb2d0ddd60_31 .array/port v0xb2d0ddd60, 31;
v0xb2d0ddd60_32 .array/port v0xb2d0ddd60, 32;
v0xb2d0ddd60_33 .array/port v0xb2d0ddd60, 33;
E_0xb2cc9ea40/8 .event anyedge, v0xb2d0ddd60_30, v0xb2d0ddd60_31, v0xb2d0ddd60_32, v0xb2d0ddd60_33;
v0xb2d0ddd60_34 .array/port v0xb2d0ddd60, 34;
v0xb2d0ddd60_35 .array/port v0xb2d0ddd60, 35;
v0xb2d0ddd60_36 .array/port v0xb2d0ddd60, 36;
v0xb2d0ddd60_37 .array/port v0xb2d0ddd60, 37;
E_0xb2cc9ea40/9 .event anyedge, v0xb2d0ddd60_34, v0xb2d0ddd60_35, v0xb2d0ddd60_36, v0xb2d0ddd60_37;
v0xb2d0ddd60_38 .array/port v0xb2d0ddd60, 38;
v0xb2d0ddd60_39 .array/port v0xb2d0ddd60, 39;
v0xb2d0ddd60_40 .array/port v0xb2d0ddd60, 40;
v0xb2d0ddd60_41 .array/port v0xb2d0ddd60, 41;
E_0xb2cc9ea40/10 .event anyedge, v0xb2d0ddd60_38, v0xb2d0ddd60_39, v0xb2d0ddd60_40, v0xb2d0ddd60_41;
v0xb2d0ddd60_42 .array/port v0xb2d0ddd60, 42;
v0xb2d0ddd60_43 .array/port v0xb2d0ddd60, 43;
v0xb2d0ddd60_44 .array/port v0xb2d0ddd60, 44;
v0xb2d0ddd60_45 .array/port v0xb2d0ddd60, 45;
E_0xb2cc9ea40/11 .event anyedge, v0xb2d0ddd60_42, v0xb2d0ddd60_43, v0xb2d0ddd60_44, v0xb2d0ddd60_45;
v0xb2d0ddd60_46 .array/port v0xb2d0ddd60, 46;
v0xb2d0ddd60_47 .array/port v0xb2d0ddd60, 47;
v0xb2d0ddd60_48 .array/port v0xb2d0ddd60, 48;
v0xb2d0ddd60_49 .array/port v0xb2d0ddd60, 49;
E_0xb2cc9ea40/12 .event anyedge, v0xb2d0ddd60_46, v0xb2d0ddd60_47, v0xb2d0ddd60_48, v0xb2d0ddd60_49;
v0xb2d0ddd60_50 .array/port v0xb2d0ddd60, 50;
v0xb2d0ddd60_51 .array/port v0xb2d0ddd60, 51;
v0xb2d0ddd60_52 .array/port v0xb2d0ddd60, 52;
v0xb2d0ddd60_53 .array/port v0xb2d0ddd60, 53;
E_0xb2cc9ea40/13 .event anyedge, v0xb2d0ddd60_50, v0xb2d0ddd60_51, v0xb2d0ddd60_52, v0xb2d0ddd60_53;
v0xb2d0ddd60_54 .array/port v0xb2d0ddd60, 54;
v0xb2d0ddd60_55 .array/port v0xb2d0ddd60, 55;
v0xb2d0ddd60_56 .array/port v0xb2d0ddd60, 56;
v0xb2d0ddd60_57 .array/port v0xb2d0ddd60, 57;
E_0xb2cc9ea40/14 .event anyedge, v0xb2d0ddd60_54, v0xb2d0ddd60_55, v0xb2d0ddd60_56, v0xb2d0ddd60_57;
v0xb2d0ddd60_58 .array/port v0xb2d0ddd60, 58;
v0xb2d0ddd60_59 .array/port v0xb2d0ddd60, 59;
v0xb2d0ddd60_60 .array/port v0xb2d0ddd60, 60;
v0xb2d0ddd60_61 .array/port v0xb2d0ddd60, 61;
E_0xb2cc9ea40/15 .event anyedge, v0xb2d0ddd60_58, v0xb2d0ddd60_59, v0xb2d0ddd60_60, v0xb2d0ddd60_61;
v0xb2d0ddd60_62 .array/port v0xb2d0ddd60, 62;
v0xb2d0ddd60_63 .array/port v0xb2d0ddd60, 63;
v0xb2d0ddd60_64 .array/port v0xb2d0ddd60, 64;
v0xb2d0ddd60_65 .array/port v0xb2d0ddd60, 65;
E_0xb2cc9ea40/16 .event anyedge, v0xb2d0ddd60_62, v0xb2d0ddd60_63, v0xb2d0ddd60_64, v0xb2d0ddd60_65;
v0xb2d0ddd60_66 .array/port v0xb2d0ddd60, 66;
v0xb2d0ddd60_67 .array/port v0xb2d0ddd60, 67;
v0xb2d0ddd60_68 .array/port v0xb2d0ddd60, 68;
v0xb2d0ddd60_69 .array/port v0xb2d0ddd60, 69;
E_0xb2cc9ea40/17 .event anyedge, v0xb2d0ddd60_66, v0xb2d0ddd60_67, v0xb2d0ddd60_68, v0xb2d0ddd60_69;
v0xb2d0ddd60_70 .array/port v0xb2d0ddd60, 70;
v0xb2d0ddd60_71 .array/port v0xb2d0ddd60, 71;
v0xb2d0ddd60_72 .array/port v0xb2d0ddd60, 72;
v0xb2d0ddd60_73 .array/port v0xb2d0ddd60, 73;
E_0xb2cc9ea40/18 .event anyedge, v0xb2d0ddd60_70, v0xb2d0ddd60_71, v0xb2d0ddd60_72, v0xb2d0ddd60_73;
v0xb2d0ddd60_74 .array/port v0xb2d0ddd60, 74;
v0xb2d0ddd60_75 .array/port v0xb2d0ddd60, 75;
v0xb2d0ddd60_76 .array/port v0xb2d0ddd60, 76;
v0xb2d0ddd60_77 .array/port v0xb2d0ddd60, 77;
E_0xb2cc9ea40/19 .event anyedge, v0xb2d0ddd60_74, v0xb2d0ddd60_75, v0xb2d0ddd60_76, v0xb2d0ddd60_77;
v0xb2d0ddd60_78 .array/port v0xb2d0ddd60, 78;
v0xb2d0ddd60_79 .array/port v0xb2d0ddd60, 79;
v0xb2d0ddd60_80 .array/port v0xb2d0ddd60, 80;
v0xb2d0ddd60_81 .array/port v0xb2d0ddd60, 81;
E_0xb2cc9ea40/20 .event anyedge, v0xb2d0ddd60_78, v0xb2d0ddd60_79, v0xb2d0ddd60_80, v0xb2d0ddd60_81;
v0xb2d0ddd60_82 .array/port v0xb2d0ddd60, 82;
v0xb2d0ddd60_83 .array/port v0xb2d0ddd60, 83;
v0xb2d0ddd60_84 .array/port v0xb2d0ddd60, 84;
v0xb2d0ddd60_85 .array/port v0xb2d0ddd60, 85;
E_0xb2cc9ea40/21 .event anyedge, v0xb2d0ddd60_82, v0xb2d0ddd60_83, v0xb2d0ddd60_84, v0xb2d0ddd60_85;
v0xb2d0ddd60_86 .array/port v0xb2d0ddd60, 86;
v0xb2d0ddd60_87 .array/port v0xb2d0ddd60, 87;
v0xb2d0ddd60_88 .array/port v0xb2d0ddd60, 88;
v0xb2d0ddd60_89 .array/port v0xb2d0ddd60, 89;
E_0xb2cc9ea40/22 .event anyedge, v0xb2d0ddd60_86, v0xb2d0ddd60_87, v0xb2d0ddd60_88, v0xb2d0ddd60_89;
v0xb2d0ddd60_90 .array/port v0xb2d0ddd60, 90;
v0xb2d0ddd60_91 .array/port v0xb2d0ddd60, 91;
v0xb2d0ddd60_92 .array/port v0xb2d0ddd60, 92;
v0xb2d0ddd60_93 .array/port v0xb2d0ddd60, 93;
E_0xb2cc9ea40/23 .event anyedge, v0xb2d0ddd60_90, v0xb2d0ddd60_91, v0xb2d0ddd60_92, v0xb2d0ddd60_93;
v0xb2d0ddd60_94 .array/port v0xb2d0ddd60, 94;
v0xb2d0ddd60_95 .array/port v0xb2d0ddd60, 95;
v0xb2d0ddd60_96 .array/port v0xb2d0ddd60, 96;
v0xb2d0ddd60_97 .array/port v0xb2d0ddd60, 97;
E_0xb2cc9ea40/24 .event anyedge, v0xb2d0ddd60_94, v0xb2d0ddd60_95, v0xb2d0ddd60_96, v0xb2d0ddd60_97;
v0xb2d0ddd60_98 .array/port v0xb2d0ddd60, 98;
v0xb2d0ddd60_99 .array/port v0xb2d0ddd60, 99;
v0xb2d0ddd60_100 .array/port v0xb2d0ddd60, 100;
v0xb2d0ddd60_101 .array/port v0xb2d0ddd60, 101;
E_0xb2cc9ea40/25 .event anyedge, v0xb2d0ddd60_98, v0xb2d0ddd60_99, v0xb2d0ddd60_100, v0xb2d0ddd60_101;
v0xb2d0ddd60_102 .array/port v0xb2d0ddd60, 102;
v0xb2d0ddd60_103 .array/port v0xb2d0ddd60, 103;
v0xb2d0ddd60_104 .array/port v0xb2d0ddd60, 104;
v0xb2d0ddd60_105 .array/port v0xb2d0ddd60, 105;
E_0xb2cc9ea40/26 .event anyedge, v0xb2d0ddd60_102, v0xb2d0ddd60_103, v0xb2d0ddd60_104, v0xb2d0ddd60_105;
v0xb2d0ddd60_106 .array/port v0xb2d0ddd60, 106;
v0xb2d0ddd60_107 .array/port v0xb2d0ddd60, 107;
v0xb2d0ddd60_108 .array/port v0xb2d0ddd60, 108;
v0xb2d0ddd60_109 .array/port v0xb2d0ddd60, 109;
E_0xb2cc9ea40/27 .event anyedge, v0xb2d0ddd60_106, v0xb2d0ddd60_107, v0xb2d0ddd60_108, v0xb2d0ddd60_109;
v0xb2d0ddd60_110 .array/port v0xb2d0ddd60, 110;
v0xb2d0ddd60_111 .array/port v0xb2d0ddd60, 111;
v0xb2d0ddd60_112 .array/port v0xb2d0ddd60, 112;
v0xb2d0ddd60_113 .array/port v0xb2d0ddd60, 113;
E_0xb2cc9ea40/28 .event anyedge, v0xb2d0ddd60_110, v0xb2d0ddd60_111, v0xb2d0ddd60_112, v0xb2d0ddd60_113;
v0xb2d0ddd60_114 .array/port v0xb2d0ddd60, 114;
v0xb2d0ddd60_115 .array/port v0xb2d0ddd60, 115;
v0xb2d0ddd60_116 .array/port v0xb2d0ddd60, 116;
v0xb2d0ddd60_117 .array/port v0xb2d0ddd60, 117;
E_0xb2cc9ea40/29 .event anyedge, v0xb2d0ddd60_114, v0xb2d0ddd60_115, v0xb2d0ddd60_116, v0xb2d0ddd60_117;
v0xb2d0ddd60_118 .array/port v0xb2d0ddd60, 118;
v0xb2d0ddd60_119 .array/port v0xb2d0ddd60, 119;
v0xb2d0ddd60_120 .array/port v0xb2d0ddd60, 120;
v0xb2d0ddd60_121 .array/port v0xb2d0ddd60, 121;
E_0xb2cc9ea40/30 .event anyedge, v0xb2d0ddd60_118, v0xb2d0ddd60_119, v0xb2d0ddd60_120, v0xb2d0ddd60_121;
v0xb2d0ddd60_122 .array/port v0xb2d0ddd60, 122;
v0xb2d0ddd60_123 .array/port v0xb2d0ddd60, 123;
v0xb2d0ddd60_124 .array/port v0xb2d0ddd60, 124;
v0xb2d0ddd60_125 .array/port v0xb2d0ddd60, 125;
E_0xb2cc9ea40/31 .event anyedge, v0xb2d0ddd60_122, v0xb2d0ddd60_123, v0xb2d0ddd60_124, v0xb2d0ddd60_125;
v0xb2d0ddd60_126 .array/port v0xb2d0ddd60, 126;
v0xb2d0ddd60_127 .array/port v0xb2d0ddd60, 127;
v0xb2d0ddd60_128 .array/port v0xb2d0ddd60, 128;
v0xb2d0ddd60_129 .array/port v0xb2d0ddd60, 129;
E_0xb2cc9ea40/32 .event anyedge, v0xb2d0ddd60_126, v0xb2d0ddd60_127, v0xb2d0ddd60_128, v0xb2d0ddd60_129;
v0xb2d0ddd60_130 .array/port v0xb2d0ddd60, 130;
v0xb2d0ddd60_131 .array/port v0xb2d0ddd60, 131;
v0xb2d0ddd60_132 .array/port v0xb2d0ddd60, 132;
v0xb2d0ddd60_133 .array/port v0xb2d0ddd60, 133;
E_0xb2cc9ea40/33 .event anyedge, v0xb2d0ddd60_130, v0xb2d0ddd60_131, v0xb2d0ddd60_132, v0xb2d0ddd60_133;
v0xb2d0ddd60_134 .array/port v0xb2d0ddd60, 134;
v0xb2d0ddd60_135 .array/port v0xb2d0ddd60, 135;
v0xb2d0ddd60_136 .array/port v0xb2d0ddd60, 136;
v0xb2d0ddd60_137 .array/port v0xb2d0ddd60, 137;
E_0xb2cc9ea40/34 .event anyedge, v0xb2d0ddd60_134, v0xb2d0ddd60_135, v0xb2d0ddd60_136, v0xb2d0ddd60_137;
v0xb2d0ddd60_138 .array/port v0xb2d0ddd60, 138;
v0xb2d0ddd60_139 .array/port v0xb2d0ddd60, 139;
v0xb2d0ddd60_140 .array/port v0xb2d0ddd60, 140;
v0xb2d0ddd60_141 .array/port v0xb2d0ddd60, 141;
E_0xb2cc9ea40/35 .event anyedge, v0xb2d0ddd60_138, v0xb2d0ddd60_139, v0xb2d0ddd60_140, v0xb2d0ddd60_141;
v0xb2d0ddd60_142 .array/port v0xb2d0ddd60, 142;
v0xb2d0ddd60_143 .array/port v0xb2d0ddd60, 143;
v0xb2d0ddd60_144 .array/port v0xb2d0ddd60, 144;
v0xb2d0ddd60_145 .array/port v0xb2d0ddd60, 145;
E_0xb2cc9ea40/36 .event anyedge, v0xb2d0ddd60_142, v0xb2d0ddd60_143, v0xb2d0ddd60_144, v0xb2d0ddd60_145;
v0xb2d0ddd60_146 .array/port v0xb2d0ddd60, 146;
v0xb2d0ddd60_147 .array/port v0xb2d0ddd60, 147;
v0xb2d0ddd60_148 .array/port v0xb2d0ddd60, 148;
v0xb2d0ddd60_149 .array/port v0xb2d0ddd60, 149;
E_0xb2cc9ea40/37 .event anyedge, v0xb2d0ddd60_146, v0xb2d0ddd60_147, v0xb2d0ddd60_148, v0xb2d0ddd60_149;
v0xb2d0ddd60_150 .array/port v0xb2d0ddd60, 150;
v0xb2d0ddd60_151 .array/port v0xb2d0ddd60, 151;
v0xb2d0ddd60_152 .array/port v0xb2d0ddd60, 152;
v0xb2d0ddd60_153 .array/port v0xb2d0ddd60, 153;
E_0xb2cc9ea40/38 .event anyedge, v0xb2d0ddd60_150, v0xb2d0ddd60_151, v0xb2d0ddd60_152, v0xb2d0ddd60_153;
v0xb2d0ddd60_154 .array/port v0xb2d0ddd60, 154;
v0xb2d0ddd60_155 .array/port v0xb2d0ddd60, 155;
v0xb2d0ddd60_156 .array/port v0xb2d0ddd60, 156;
v0xb2d0ddd60_157 .array/port v0xb2d0ddd60, 157;
E_0xb2cc9ea40/39 .event anyedge, v0xb2d0ddd60_154, v0xb2d0ddd60_155, v0xb2d0ddd60_156, v0xb2d0ddd60_157;
v0xb2d0ddd60_158 .array/port v0xb2d0ddd60, 158;
v0xb2d0ddd60_159 .array/port v0xb2d0ddd60, 159;
v0xb2d0ddd60_160 .array/port v0xb2d0ddd60, 160;
v0xb2d0ddd60_161 .array/port v0xb2d0ddd60, 161;
E_0xb2cc9ea40/40 .event anyedge, v0xb2d0ddd60_158, v0xb2d0ddd60_159, v0xb2d0ddd60_160, v0xb2d0ddd60_161;
v0xb2d0ddd60_162 .array/port v0xb2d0ddd60, 162;
v0xb2d0ddd60_163 .array/port v0xb2d0ddd60, 163;
v0xb2d0ddd60_164 .array/port v0xb2d0ddd60, 164;
v0xb2d0ddd60_165 .array/port v0xb2d0ddd60, 165;
E_0xb2cc9ea40/41 .event anyedge, v0xb2d0ddd60_162, v0xb2d0ddd60_163, v0xb2d0ddd60_164, v0xb2d0ddd60_165;
v0xb2d0ddd60_166 .array/port v0xb2d0ddd60, 166;
v0xb2d0ddd60_167 .array/port v0xb2d0ddd60, 167;
v0xb2d0ddd60_168 .array/port v0xb2d0ddd60, 168;
v0xb2d0ddd60_169 .array/port v0xb2d0ddd60, 169;
E_0xb2cc9ea40/42 .event anyedge, v0xb2d0ddd60_166, v0xb2d0ddd60_167, v0xb2d0ddd60_168, v0xb2d0ddd60_169;
v0xb2d0ddd60_170 .array/port v0xb2d0ddd60, 170;
v0xb2d0ddd60_171 .array/port v0xb2d0ddd60, 171;
v0xb2d0ddd60_172 .array/port v0xb2d0ddd60, 172;
v0xb2d0ddd60_173 .array/port v0xb2d0ddd60, 173;
E_0xb2cc9ea40/43 .event anyedge, v0xb2d0ddd60_170, v0xb2d0ddd60_171, v0xb2d0ddd60_172, v0xb2d0ddd60_173;
v0xb2d0ddd60_174 .array/port v0xb2d0ddd60, 174;
v0xb2d0ddd60_175 .array/port v0xb2d0ddd60, 175;
v0xb2d0ddd60_176 .array/port v0xb2d0ddd60, 176;
v0xb2d0ddd60_177 .array/port v0xb2d0ddd60, 177;
E_0xb2cc9ea40/44 .event anyedge, v0xb2d0ddd60_174, v0xb2d0ddd60_175, v0xb2d0ddd60_176, v0xb2d0ddd60_177;
v0xb2d0ddd60_178 .array/port v0xb2d0ddd60, 178;
v0xb2d0ddd60_179 .array/port v0xb2d0ddd60, 179;
v0xb2d0ddd60_180 .array/port v0xb2d0ddd60, 180;
v0xb2d0ddd60_181 .array/port v0xb2d0ddd60, 181;
E_0xb2cc9ea40/45 .event anyedge, v0xb2d0ddd60_178, v0xb2d0ddd60_179, v0xb2d0ddd60_180, v0xb2d0ddd60_181;
v0xb2d0ddd60_182 .array/port v0xb2d0ddd60, 182;
v0xb2d0ddd60_183 .array/port v0xb2d0ddd60, 183;
v0xb2d0ddd60_184 .array/port v0xb2d0ddd60, 184;
v0xb2d0ddd60_185 .array/port v0xb2d0ddd60, 185;
E_0xb2cc9ea40/46 .event anyedge, v0xb2d0ddd60_182, v0xb2d0ddd60_183, v0xb2d0ddd60_184, v0xb2d0ddd60_185;
v0xb2d0ddd60_186 .array/port v0xb2d0ddd60, 186;
v0xb2d0ddd60_187 .array/port v0xb2d0ddd60, 187;
v0xb2d0ddd60_188 .array/port v0xb2d0ddd60, 188;
v0xb2d0ddd60_189 .array/port v0xb2d0ddd60, 189;
E_0xb2cc9ea40/47 .event anyedge, v0xb2d0ddd60_186, v0xb2d0ddd60_187, v0xb2d0ddd60_188, v0xb2d0ddd60_189;
v0xb2d0ddd60_190 .array/port v0xb2d0ddd60, 190;
v0xb2d0ddd60_191 .array/port v0xb2d0ddd60, 191;
v0xb2d0ddd60_192 .array/port v0xb2d0ddd60, 192;
v0xb2d0ddd60_193 .array/port v0xb2d0ddd60, 193;
E_0xb2cc9ea40/48 .event anyedge, v0xb2d0ddd60_190, v0xb2d0ddd60_191, v0xb2d0ddd60_192, v0xb2d0ddd60_193;
v0xb2d0ddd60_194 .array/port v0xb2d0ddd60, 194;
v0xb2d0ddd60_195 .array/port v0xb2d0ddd60, 195;
v0xb2d0ddd60_196 .array/port v0xb2d0ddd60, 196;
v0xb2d0ddd60_197 .array/port v0xb2d0ddd60, 197;
E_0xb2cc9ea40/49 .event anyedge, v0xb2d0ddd60_194, v0xb2d0ddd60_195, v0xb2d0ddd60_196, v0xb2d0ddd60_197;
v0xb2d0ddd60_198 .array/port v0xb2d0ddd60, 198;
v0xb2d0ddd60_199 .array/port v0xb2d0ddd60, 199;
v0xb2d0ddd60_200 .array/port v0xb2d0ddd60, 200;
v0xb2d0ddd60_201 .array/port v0xb2d0ddd60, 201;
E_0xb2cc9ea40/50 .event anyedge, v0xb2d0ddd60_198, v0xb2d0ddd60_199, v0xb2d0ddd60_200, v0xb2d0ddd60_201;
v0xb2d0ddd60_202 .array/port v0xb2d0ddd60, 202;
v0xb2d0ddd60_203 .array/port v0xb2d0ddd60, 203;
v0xb2d0ddd60_204 .array/port v0xb2d0ddd60, 204;
v0xb2d0ddd60_205 .array/port v0xb2d0ddd60, 205;
E_0xb2cc9ea40/51 .event anyedge, v0xb2d0ddd60_202, v0xb2d0ddd60_203, v0xb2d0ddd60_204, v0xb2d0ddd60_205;
v0xb2d0ddd60_206 .array/port v0xb2d0ddd60, 206;
v0xb2d0ddd60_207 .array/port v0xb2d0ddd60, 207;
v0xb2d0ddd60_208 .array/port v0xb2d0ddd60, 208;
v0xb2d0ddd60_209 .array/port v0xb2d0ddd60, 209;
E_0xb2cc9ea40/52 .event anyedge, v0xb2d0ddd60_206, v0xb2d0ddd60_207, v0xb2d0ddd60_208, v0xb2d0ddd60_209;
v0xb2d0ddd60_210 .array/port v0xb2d0ddd60, 210;
v0xb2d0ddd60_211 .array/port v0xb2d0ddd60, 211;
v0xb2d0ddd60_212 .array/port v0xb2d0ddd60, 212;
v0xb2d0ddd60_213 .array/port v0xb2d0ddd60, 213;
E_0xb2cc9ea40/53 .event anyedge, v0xb2d0ddd60_210, v0xb2d0ddd60_211, v0xb2d0ddd60_212, v0xb2d0ddd60_213;
v0xb2d0ddd60_214 .array/port v0xb2d0ddd60, 214;
v0xb2d0ddd60_215 .array/port v0xb2d0ddd60, 215;
v0xb2d0ddd60_216 .array/port v0xb2d0ddd60, 216;
v0xb2d0ddd60_217 .array/port v0xb2d0ddd60, 217;
E_0xb2cc9ea40/54 .event anyedge, v0xb2d0ddd60_214, v0xb2d0ddd60_215, v0xb2d0ddd60_216, v0xb2d0ddd60_217;
v0xb2d0ddd60_218 .array/port v0xb2d0ddd60, 218;
v0xb2d0ddd60_219 .array/port v0xb2d0ddd60, 219;
v0xb2d0ddd60_220 .array/port v0xb2d0ddd60, 220;
v0xb2d0ddd60_221 .array/port v0xb2d0ddd60, 221;
E_0xb2cc9ea40/55 .event anyedge, v0xb2d0ddd60_218, v0xb2d0ddd60_219, v0xb2d0ddd60_220, v0xb2d0ddd60_221;
v0xb2d0ddd60_222 .array/port v0xb2d0ddd60, 222;
v0xb2d0ddd60_223 .array/port v0xb2d0ddd60, 223;
v0xb2d0ddd60_224 .array/port v0xb2d0ddd60, 224;
v0xb2d0ddd60_225 .array/port v0xb2d0ddd60, 225;
E_0xb2cc9ea40/56 .event anyedge, v0xb2d0ddd60_222, v0xb2d0ddd60_223, v0xb2d0ddd60_224, v0xb2d0ddd60_225;
v0xb2d0ddd60_226 .array/port v0xb2d0ddd60, 226;
v0xb2d0ddd60_227 .array/port v0xb2d0ddd60, 227;
v0xb2d0ddd60_228 .array/port v0xb2d0ddd60, 228;
v0xb2d0ddd60_229 .array/port v0xb2d0ddd60, 229;
E_0xb2cc9ea40/57 .event anyedge, v0xb2d0ddd60_226, v0xb2d0ddd60_227, v0xb2d0ddd60_228, v0xb2d0ddd60_229;
v0xb2d0ddd60_230 .array/port v0xb2d0ddd60, 230;
v0xb2d0ddd60_231 .array/port v0xb2d0ddd60, 231;
v0xb2d0ddd60_232 .array/port v0xb2d0ddd60, 232;
v0xb2d0ddd60_233 .array/port v0xb2d0ddd60, 233;
E_0xb2cc9ea40/58 .event anyedge, v0xb2d0ddd60_230, v0xb2d0ddd60_231, v0xb2d0ddd60_232, v0xb2d0ddd60_233;
v0xb2d0ddd60_234 .array/port v0xb2d0ddd60, 234;
v0xb2d0ddd60_235 .array/port v0xb2d0ddd60, 235;
v0xb2d0ddd60_236 .array/port v0xb2d0ddd60, 236;
v0xb2d0ddd60_237 .array/port v0xb2d0ddd60, 237;
E_0xb2cc9ea40/59 .event anyedge, v0xb2d0ddd60_234, v0xb2d0ddd60_235, v0xb2d0ddd60_236, v0xb2d0ddd60_237;
v0xb2d0ddd60_238 .array/port v0xb2d0ddd60, 238;
v0xb2d0ddd60_239 .array/port v0xb2d0ddd60, 239;
v0xb2d0ddd60_240 .array/port v0xb2d0ddd60, 240;
v0xb2d0ddd60_241 .array/port v0xb2d0ddd60, 241;
E_0xb2cc9ea40/60 .event anyedge, v0xb2d0ddd60_238, v0xb2d0ddd60_239, v0xb2d0ddd60_240, v0xb2d0ddd60_241;
v0xb2d0ddd60_242 .array/port v0xb2d0ddd60, 242;
v0xb2d0ddd60_243 .array/port v0xb2d0ddd60, 243;
v0xb2d0ddd60_244 .array/port v0xb2d0ddd60, 244;
v0xb2d0ddd60_245 .array/port v0xb2d0ddd60, 245;
E_0xb2cc9ea40/61 .event anyedge, v0xb2d0ddd60_242, v0xb2d0ddd60_243, v0xb2d0ddd60_244, v0xb2d0ddd60_245;
v0xb2d0ddd60_246 .array/port v0xb2d0ddd60, 246;
v0xb2d0ddd60_247 .array/port v0xb2d0ddd60, 247;
v0xb2d0ddd60_248 .array/port v0xb2d0ddd60, 248;
v0xb2d0ddd60_249 .array/port v0xb2d0ddd60, 249;
E_0xb2cc9ea40/62 .event anyedge, v0xb2d0ddd60_246, v0xb2d0ddd60_247, v0xb2d0ddd60_248, v0xb2d0ddd60_249;
v0xb2d0ddd60_250 .array/port v0xb2d0ddd60, 250;
v0xb2d0ddd60_251 .array/port v0xb2d0ddd60, 251;
v0xb2d0ddd60_252 .array/port v0xb2d0ddd60, 252;
v0xb2d0ddd60_253 .array/port v0xb2d0ddd60, 253;
E_0xb2cc9ea40/63 .event anyedge, v0xb2d0ddd60_250, v0xb2d0ddd60_251, v0xb2d0ddd60_252, v0xb2d0ddd60_253;
v0xb2d0ddd60_254 .array/port v0xb2d0ddd60, 254;
v0xb2d0ddd60_255 .array/port v0xb2d0ddd60, 255;
E_0xb2cc9ea40/64 .event anyedge, v0xb2d0ddd60_254, v0xb2d0ddd60_255;
E_0xb2cc9ea40 .event/or E_0xb2cc9ea40/0, E_0xb2cc9ea40/1, E_0xb2cc9ea40/2, E_0xb2cc9ea40/3, E_0xb2cc9ea40/4, E_0xb2cc9ea40/5, E_0xb2cc9ea40/6, E_0xb2cc9ea40/7, E_0xb2cc9ea40/8, E_0xb2cc9ea40/9, E_0xb2cc9ea40/10, E_0xb2cc9ea40/11, E_0xb2cc9ea40/12, E_0xb2cc9ea40/13, E_0xb2cc9ea40/14, E_0xb2cc9ea40/15, E_0xb2cc9ea40/16, E_0xb2cc9ea40/17, E_0xb2cc9ea40/18, E_0xb2cc9ea40/19, E_0xb2cc9ea40/20, E_0xb2cc9ea40/21, E_0xb2cc9ea40/22, E_0xb2cc9ea40/23, E_0xb2cc9ea40/24, E_0xb2cc9ea40/25, E_0xb2cc9ea40/26, E_0xb2cc9ea40/27, E_0xb2cc9ea40/28, E_0xb2cc9ea40/29, E_0xb2cc9ea40/30, E_0xb2cc9ea40/31, E_0xb2cc9ea40/32, E_0xb2cc9ea40/33, E_0xb2cc9ea40/34, E_0xb2cc9ea40/35, E_0xb2cc9ea40/36, E_0xb2cc9ea40/37, E_0xb2cc9ea40/38, E_0xb2cc9ea40/39, E_0xb2cc9ea40/40, E_0xb2cc9ea40/41, E_0xb2cc9ea40/42, E_0xb2cc9ea40/43, E_0xb2cc9ea40/44, E_0xb2cc9ea40/45, E_0xb2cc9ea40/46, E_0xb2cc9ea40/47, E_0xb2cc9ea40/48, E_0xb2cc9ea40/49, E_0xb2cc9ea40/50, E_0xb2cc9ea40/51, E_0xb2cc9ea40/52, E_0xb2cc9ea40/53, E_0xb2cc9ea40/54, E_0xb2cc9ea40/55, E_0xb2cc9ea40/56, E_0xb2cc9ea40/57, E_0xb2cc9ea40/58, E_0xb2cc9ea40/59, E_0xb2cc9ea40/60, E_0xb2cc9ea40/61, E_0xb2cc9ea40/62, E_0xb2cc9ea40/63, E_0xb2cc9ea40/64;
E_0xb2cc9ea80 .event posedge, v0xb2d0d8320_0;
S_0xb2cce9980 .scope module, "MEM_WB" "mem_wb_register" 14 325, 23 3 0, S_0xb2cce8000;
 .timescale -9 -12;
    .port_info 0 /INPUT 1 "clk";
    .port_info 1 /INPUT 1 "reset";
    .port_info 2 /INPUT 32 "read_data_in";
    .port_info 3 /INPUT 32 "alu_result_in";
    .port_info 4 /INPUT 32 "pc_plus4_in";
    .port_info 5 /INPUT 5 "rd_in";
    .port_info 6 /INPUT 1 "RegWrite_in";
    .port_info 7 /INPUT 1 "MemtoReg_in";
    .port_info 8 /INPUT 1 "Jump_in";
    .port_info 9 /OUTPUT 32 "read_data_out";
    .port_info 10 /OUTPUT 32 "alu_result_out";
    .port_info 11 /OUTPUT 32 "pc_plus4_out";
    .port_info 12 /OUTPUT 5 "rd_out";
    .port_info 13 /OUTPUT 1 "RegWrite_out";
    .port_info 14 /OUTPUT 1 "MemtoReg_out";
    .port_info 15 /OUTPUT 1 "Jump_out";
v0xb2d0de300_0 .net "Jump_in", 0 0, v0xb2d0d7980_0;  alias, 1 drivers
v0xb2d0de3a0_0 .var "Jump_out", 0 0;
v0xb2d0de440_0 .net "MemtoReg_in", 0 0, v0xb2d0d7d40_0;  alias, 1 drivers
v0xb2d0de4e0_0 .var "MemtoReg_out", 0 0;
v0xb2d0de580_0 .net "RegWrite_in", 0 0, v0xb2d0d7e80_0;  alias, 1 drivers
v0xb2d0de620_0 .var "RegWrite_out", 0 0;
v0xb2d0de6c0_0 .net "alu_result_in", 31 0, v0xb2d0d8000_0;  alias, 1 drivers
v0xb2d0de760_0 .var "alu_result_out", 31 0;
v0xb2d0de800_0 .net "clk", 0 0, v0xb2d0e64e0_0;  alias, 1 drivers
v0xb2d0de8a0_0 .net "pc_plus4_in", 31 0, v0xb2d0d8460_0;  alias, 1 drivers
v0xb2d0de940_0 .var "pc_plus4_out", 31 0;
v0xb2d0de9e0_0 .net "rd_in", 4 0, v0xb2d0d85a0_0;  alias, 1 drivers
v0xb2d0dea80_0 .var "rd_out", 4 0;
v0xb2d0deb20_0 .net "read_data_in", 31 0, v0xb2d0dde00_0;  alias, 1 drivers
v0xb2d0debc0_0 .var "read_data_out", 31 0;
v0xb2d0dec60_0 .net "reset", 0 0, v0xb2d0e6580_0;  alias, 1 drivers
S_0xb2cce9b00 .scope module, "PC" "program_counter" 14 81, 11 3 0, S_0xb2cce8000;
 .timescale -9 -12;
    .port_info 0 /INPUT 1 "clk";
    .port_info 1 /INPUT 1 "reset";
    .port_info 2 /INPUT 32 "next_pc";
    .port_info 3 /INPUT 1 "pc_write";
    .port_info 4 /OUTPUT 32 "pc";
v0xb2d0ded00_0 .net "clk", 0 0, v0xb2d0e64e0_0;  alias, 1 drivers
v0xb2d0deda0_0 .net "next_pc", 31 0, L_0xb2d0e72a0;  alias, 1 drivers
v0xb2d0dee40_0 .var "pc", 31 0;
v0xb2d0deee0_0 .net "pc_write", 0 0, L_0x104a542c0;  alias, 1 drivers
v0xb2d0def80_0 .net "reset", 0 0, v0xb2d0e6580_0;  alias, 1 drivers
S_0xb2cce9c80 .scope module, "WB" "wb_stage" 14 352, 24 3 0, S_0xb2cce8000;
 .timescale -9 -12;
    .port_info 0 /INPUT 32 "read_data";
    .port_info 1 /INPUT 32 "alu_result";
    .port_info 2 /INPUT 32 "pc_plus4";
    .port_info 3 /INPUT 1 "MemtoReg";
    .port_info 4 /INPUT 1 "Jump";
    .port_info 5 /OUTPUT 32 "write_back_data";
v0xb2d0df020_0 .net "Jump", 0 0, v0xb2d0de3a0_0;  alias, 1 drivers
v0xb2d0df0c0_0 .net "MemtoReg", 0 0, v0xb2d0de4e0_0;  alias, 1 drivers
v0xb2d0df160_0 .net *"_ivl_0", 31 0, L_0xb2d0f0280;  1 drivers
v0xb2d0df200_0 .net "alu_result", 31 0, v0xb2d0de760_0;  alias, 1 drivers
v0xb2d0df2a0_0 .net "pc_plus4", 31 0, v0xb2d0de940_0;  alias, 1 drivers
v0xb2d0df340_0 .net "read_data", 31 0, v0xb2d0debc0_0;  alias, 1 drivers
v0xb2d0df3e0_0 .net "write_back_data", 31 0, L_0xb2d0f0320;  alias, 1 drivers
L_0xb2d0f0280 .functor MUXZ 32, v0xb2d0de760_0, v0xb2d0debc0_0, v0xb2d0de4e0_0, C4<>;
L_0xb2d0f0320 .functor MUXZ 32, L_0xb2d0f0280, v0xb2d0de940_0, v0xb2d0de3a0_0, C4<>;
    .scope S_0x104a4b1b0;
T_0 ;
    %wait E_0xb2cc9de80;
    %load/vec4 v0xb2d027200_0;
    %flag_set/vec4 8;
    %jmp/0xz  T_0.0, 8;
    %pushi/vec4 0, 0, 32;
    %assign/vec4 v0xb2d0270c0_0, 0;
    %jmp T_0.1;
T_0.0 ;
    %load/vec4 v0xb2d027160_0;
    %flag_set/vec4 8;
    %jmp/0xz  T_0.2, 8;
    %load/vec4 v0xb2d027020_0;
    %assign/vec4 v0xb2d0270c0_0, 0;
T_0.2 ;
T_0.1 ;
    %jmp T_0;
    .thread T_0;
    .scope S_0x104a4d690;
T_1 ;
    %pushi/vec4 8388847, 0, 32;
    %ix/load 4, 0, 0;
    %flag_set/imm 4, 0;
    %store/vec4a v0xb2d026c60, 4, 0;
    %pushi/vec4 1048851, 0, 32;
    %ix/load 4, 1, 0;
    %flag_set/imm 4, 0;
    %store/vec4a v0xb2d026c60, 4, 0;
    %pushi/vec4 103809427, 0, 32;
    %ix/load 4, 2, 0;
    %flag_set/imm 4, 0;
    %store/vec4a v0xb2d026c60, 4, 0;
    %end;
    .thread T_1;
    .scope S_0x104a4dde0;
T_2 ;
    %wait E_0xb2cc9dd00;
    %pushi/vec4 0, 0, 1;
    %store/vec4 v0xb2d0264e0_0, 0, 1;
    %pushi/vec4 0, 0, 1;
    %store/vec4 v0xb2d026120_0, 0, 1;
    %pushi/vec4 0, 0, 1;
    %store/vec4 v0xb2d026300_0, 0, 1;
    %pushi/vec4 0, 0, 1;
    %store/vec4 v0xb2d0263a0_0, 0, 1;
    %pushi/vec4 0, 0, 1;
    %store/vec4 v0xb2d026440_0, 0, 1;
    %pushi/vec4 0, 0, 1;
    %store/vec4 v0xb2d0261c0_0, 0, 1;
    %pushi/vec4 0, 0, 1;
    %store/vec4 v0xb2d026260_0, 0, 1;
    %pushi/vec4 0, 0, 2;
    %store/vec4 v0xb2d026080_0, 0, 2;
    %load/vec4 v0xb2d026580_0;
    %dup/vec4;
    %pushi/vec4 51, 0, 7;
    %cmp/u;
    %jmp/1 T_2.0, 6;
    %dup/vec4;
    %pushi/vec4 19, 0, 7;
    %cmp/u;
    %jmp/1 T_2.1, 6;
    %dup/vec4;
    %pushi/vec4 3, 0, 7;
    %cmp/u;
    %jmp/1 T_2.2, 6;
    %dup/vec4;
    %pushi/vec4 35, 0, 7;
    %cmp/u;
    %jmp/1 T_2.3, 6;
    %dup/vec4;
    %pushi/vec4 99, 0, 7;
    %cmp/u;
    %jmp/1 T_2.4, 6;
    %dup/vec4;
    %pushi/vec4 111, 0, 7;
    %cmp/u;
    %jmp/1 T_2.5, 6;
    %dup/vec4;
    %pushi/vec4 55, 0, 7;
    %cmp/u;
    %jmp/1 T_2.6, 6;
    %jmp T_2.7;
T_2.0 ;
    %pushi/vec4 1, 0, 1;
    %store/vec4 v0xb2d0264e0_0, 0, 1;
    %pushi/vec4 2, 0, 2;
    %store/vec4 v0xb2d026080_0, 0, 2;
    %jmp T_2.7;
T_2.1 ;
    %pushi/vec4 1, 0, 1;
    %store/vec4 v0xb2d0264e0_0, 0, 1;
    %pushi/vec4 1, 0, 1;
    %store/vec4 v0xb2d026120_0, 0, 1;
    %pushi/vec4 2, 0, 2;
    %store/vec4 v0xb2d026080_0, 0, 2;
    %jmp T_2.7;
T_2.2 ;
    %pushi/vec4 1, 0, 1;
    %store/vec4 v0xb2d0264e0_0, 0, 1;
    %pushi/vec4 1, 0, 1;
    %store/vec4 v0xb2d026120_0, 0, 1;
    %pushi/vec4 1, 0, 1;
    %store/vec4 v0xb2d026300_0, 0, 1;
    %pushi/vec4 1, 0, 1;
    %store/vec4 v0xb2d026440_0, 0, 1;
    %pushi/vec4 0, 0, 2;
    %store/vec4 v0xb2d026080_0, 0, 2;
    %jmp T_2.7;
T_2.3 ;
    %pushi/vec4 1, 0, 1;
    %store/vec4 v0xb2d026120_0, 0, 1;
    %pushi/vec4 1, 0, 1;
    %store/vec4 v0xb2d0263a0_0, 0, 1;
    %pushi/vec4 0, 0, 2;
    %store/vec4 v0xb2d026080_0, 0, 2;
    %jmp T_2.7;
T_2.4 ;
    %pushi/vec4 1, 0, 1;
    %store/vec4 v0xb2d0261c0_0, 0, 1;
    %pushi/vec4 1, 0, 2;
    %store/vec4 v0xb2d026080_0, 0, 2;
    %jmp T_2.7;
T_2.5 ;
    %pushi/vec4 1, 0, 1;
    %store/vec4 v0xb2d026260_0, 0, 1;
    %pushi/vec4 1, 0, 1;
    %store/vec4 v0xb2d0264e0_0, 0, 1;
    %jmp T_2.7;
T_2.6 ;
    %pushi/vec4 1, 0, 1;
    %store/vec4 v0xb2d0264e0_0, 0, 1;
    %pushi/vec4 1, 0, 1;
    %store/vec4 v0xb2d026120_0, 0, 1;
    %jmp T_2.7;
T_2.7 ;
    %pop/vec4 1;
    %jmp T_2;
    .thread T_2, $push;
    .scope S_0x104a4d810;
T_3 ;
    %wait E_0xb2cc9de40;
    %load/vec4 v0xb2d026ee0_0;
    %dup/vec4;
    %pushi/vec4 19, 0, 7;
    %cmp/u;
    %jmp/1 T_3.0, 6;
    %dup/vec4;
    %pushi/vec4 3, 0, 7;
    %cmp/u;
    %jmp/1 T_3.1, 6;
    %dup/vec4;
    %pushi/vec4 35, 0, 7;
    %cmp/u;
    %jmp/1 T_3.2, 6;
    %dup/vec4;
    %pushi/vec4 99, 0, 7;
    %cmp/u;
    %jmp/1 T_3.3, 6;
    %dup/vec4;
    %pushi/vec4 55, 0, 7;
    %cmp/u;
    %jmp/1 T_3.4, 6;
    %dup/vec4;
    %pushi/vec4 23, 0, 7;
    %cmp/u;
    %jmp/1 T_3.5, 6;
    %dup/vec4;
    %pushi/vec4 111, 0, 7;
    %cmp/u;
    %jmp/1 T_3.6, 6;
    %pushi/vec4 0, 0, 32;
    %store/vec4 v0xb2d026da0_0, 0, 32;
    %jmp T_3.8;
T_3.0 ;
    %load/vec4 v0xb2d026e40_0;
    %parti/s 1, 31, 6;
    %replicate 20;
    %load/vec4 v0xb2d026e40_0;
    %parti/s 12, 20, 6;
    %concat/vec4; draw_concat_vec4
    %store/vec4 v0xb2d026da0_0, 0, 32;
    %jmp T_3.8;
T_3.1 ;
    %load/vec4 v0xb2d026e40_0;
    %parti/s 1, 31, 6;
    %replicate 20;
    %load/vec4 v0xb2d026e40_0;
    %parti/s 12, 20, 6;
    %concat/vec4; draw_concat_vec4
    %store/vec4 v0xb2d026da0_0, 0, 32;
    %jmp T_3.8;
T_3.2 ;
    %load/vec4 v0xb2d026e40_0;
    %parti/s 1, 31, 6;
    %replicate 20;
    %load/vec4 v0xb2d026e40_0;
    %parti/s 7, 25, 6;
    %concat/vec4; draw_concat_vec4
    %load/vec4 v0xb2d026e40_0;
    %parti/s 5, 7, 4;
    %concat/vec4; draw_concat_vec4
    %store/vec4 v0xb2d026da0_0, 0, 32;
    %jmp T_3.8;
T_3.3 ;
    %load/vec4 v0xb2d026e40_0;
    %parti/s 1, 31, 6;
    %replicate 19;
    %load/vec4 v0xb2d026e40_0;
    %parti/s 1, 31, 6;
    %concat/vec4; draw_concat_vec4
    %load/vec4 v0xb2d026e40_0;
    %parti/s 1, 7, 4;
    %concat/vec4; draw_concat_vec4
    %load/vec4 v0xb2d026e40_0;
    %parti/s 6, 25, 6;
    %concat/vec4; draw_concat_vec4
    %load/vec4 v0xb2d026e40_0;
    %parti/s 4, 8, 5;
    %concat/vec4; draw_concat_vec4
    %concati/vec4 0, 0, 1;
    %store/vec4 v0xb2d026da0_0, 0, 32;
    %jmp T_3.8;
T_3.4 ;
    %load/vec4 v0xb2d026e40_0;
    %parti/s 20, 12, 5;
    %concati/vec4 0, 0, 12;
    %store/vec4 v0xb2d026da0_0, 0, 32;
    %jmp T_3.8;
T_3.5 ;
    %load/vec4 v0xb2d026e40_0;
    %parti/s 20, 12, 5;
    %concati/vec4 0, 0, 12;
    %store/vec4 v0xb2d026da0_0, 0, 32;
    %jmp T_3.8;
T_3.6 ;
    %load/vec4 v0xb2d026e40_0;
    %parti/s 1, 31, 6;
    %replicate 11;
    %load/vec4 v0xb2d026e40_0;
    %parti/s 1, 31, 6;
    %concat/vec4; draw_concat_vec4
    %load/vec4 v0xb2d026e40_0;
    %parti/s 8, 12, 5;
    %concat/vec4; draw_concat_vec4
    %load/vec4 v0xb2d026e40_0;
    %parti/s 1, 20, 6;
    %concat/vec4; draw_concat_vec4
    %load/vec4 v0xb2d026e40_0;
    %parti/s 10, 21, 6;
    %concat/vec4; draw_concat_vec4
    %concati/vec4 0, 0, 1;
    %store/vec4 v0xb2d026da0_0, 0, 32;
    %jmp T_3.8;
T_3.8 ;
    %pop/vec4 1;
    %jmp T_3;
    .thread T_3, $push;
    .scope S_0x104a4b330;
T_4 ;
    %wait E_0xb2cc9de80;
    %load/vec4 v0xb2d0d45a0_0;
    %flag_set/vec4 8;
    %jmp/0xz  T_4.0, 8;
    %pushi/vec4 0, 0, 32;
    %store/vec4 v0xb2d0d4280_0, 0, 32;
T_4.2 ; Top of for-loop
    %load/vec4 v0xb2d0d4280_0;
    %cmpi/s 32, 0, 32;
	  %jmp/0xz T_4.3, 5;
    %pushi/vec4 0, 0, 32;
    %ix/getv/s 3, v0xb2d0d4280_0;
    %ix/load 4, 0, 0; Constant delay
    %assign/vec4/a/d v0xb2d0d4500, 0, 4;
T_4.4 ; for-loop step statement
    %load/vec4 v0xb2d0d4280_0;
    %addi 1, 0, 32;
    %store/vec4 v0xb2d0d4280_0, 0, 32;
    %jmp T_4.2;
T_4.3 ; for-loop exit label
    %jmp T_4.1;
T_4.0 ;
    %load/vec4 v0xb2d0d4780_0;
    %flag_set/vec4 9;
    %flag_get/vec4 9;
    %jmp/0 T_4.7, 9;
    %load/vec4 v0xb2d0d4320_0;
    %pushi/vec4 0, 0, 5;
    %cmp/ne;
    %flag_get/vec4 4;
    %and;
T_4.7;
    %flag_set/vec4 8;
    %jmp/0xz  T_4.5, 8;
    %load/vec4 v0xb2d0d4820_0;
    %load/vec4 v0xb2d0d4320_0;
    %pad/u 7;
    %ix/vec4 3;
    %ix/load 4, 0, 0; Constant delay
    %assign/vec4/a/d v0xb2d0d4500, 0, 4;
T_4.5 ;
T_4.1 ;
    %jmp T_4;
    .thread T_4;
    .scope S_0x104a4f570;
T_5 ;
    %wait E_0xb2cc9dc80;
    %load/vec4 v0xb2d025900_0;
    %dup/vec4;
    %pushi/vec4 0, 0, 2;
    %cmp/u;
    %jmp/1 T_5.0, 6;
    %dup/vec4;
    %pushi/vec4 1, 0, 2;
    %cmp/u;
    %jmp/1 T_5.1, 6;
    %dup/vec4;
    %pushi/vec4 2, 0, 2;
    %cmp/u;
    %jmp/1 T_5.2, 6;
    %pushi/vec4 0, 0, 4;
    %store/vec4 v0xb2d025860_0, 0, 4;
    %jmp T_5.4;
T_5.0 ;
    %pushi/vec4 0, 0, 4;
    %store/vec4 v0xb2d025860_0, 0, 4;
    %jmp T_5.4;
T_5.1 ;
    %pushi/vec4 1, 0, 4;
    %store/vec4 v0xb2d025860_0, 0, 4;
    %jmp T_5.4;
T_5.2 ;
    %load/vec4 v0xb2d0259a0_0;
    %dup/vec4;
    %pushi/vec4 0, 0, 3;
    %cmp/u;
    %jmp/1 T_5.5, 6;
    %dup/vec4;
    %pushi/vec4 7, 0, 3;
    %cmp/u;
    %jmp/1 T_5.6, 6;
    %dup/vec4;
    %pushi/vec4 6, 0, 3;
    %cmp/u;
    %jmp/1 T_5.7, 6;
    %dup/vec4;
    %pushi/vec4 4, 0, 3;
    %cmp/u;
    %jmp/1 T_5.8, 6;
    %dup/vec4;
    %pushi/vec4 1, 0, 3;
    %cmp/u;
    %jmp/1 T_5.9, 6;
    %dup/vec4;
    %pushi/vec4 5, 0, 3;
    %cmp/u;
    %jmp/1 T_5.10, 6;
    %dup/vec4;
    %pushi/vec4 2, 0, 3;
    %cmp/u;
    %jmp/1 T_5.11, 6;
    %pushi/vec4 0, 0, 4;
    %store/vec4 v0xb2d025860_0, 0, 4;
    %jmp T_5.13;
T_5.5 ;
    %load/vec4 v0xb2d025a40_0;
    %cmpi/e 32, 0, 7;
    %jmp/0xz  T_5.14, 4;
    %pushi/vec4 1, 0, 4;
    %store/vec4 v0xb2d025860_0, 0, 4;
    %jmp T_5.15;
T_5.14 ;
    %pushi/vec4 0, 0, 4;
    %store/vec4 v0xb2d025860_0, 0, 4;
T_5.15 ;
    %jmp T_5.13;
T_5.6 ;
    %pushi/vec4 2, 0, 4;
    %store/vec4 v0xb2d025860_0, 0, 4;
    %jmp T_5.13;
T_5.7 ;
    %pushi/vec4 3, 0, 4;
    %store/vec4 v0xb2d025860_0, 0, 4;
    %jmp T_5.13;
T_5.8 ;
    %pushi/vec4 4, 0, 4;
    %store/vec4 v0xb2d025860_0, 0, 4;
    %jmp T_5.13;
T_5.9 ;
    %pushi/vec4 5, 0, 4;
    %store/vec4 v0xb2d025860_0, 0, 4;
    %jmp T_5.13;
T_5.10 ;
    %pushi/vec4 6, 0, 4;
    %store/vec4 v0xb2d025860_0, 0, 4;
    %jmp T_5.13;
T_5.11 ;
    %pushi/vec4 7, 0, 4;
    %store/vec4 v0xb2d025860_0, 0, 4;
    %jmp T_5.13;
T_5.13 ;
    %pop/vec4 1;
    %jmp T_5.4;
T_5.4 ;
    %pop/vec4 1;
    %jmp T_5;
    .thread T_5, $push;
    .scope S_0x104a4e810;
T_6 ;
    %wait E_0xb2cc9dcc0;
    %load/vec4 v0xb2d025c20_0;
    %dup/vec4;
    %pushi/vec4 0, 0, 4;
    %cmp/u;
    %jmp/1 T_6.0, 6;
    %dup/vec4;
    %pushi/vec4 1, 0, 4;
    %cmp/u;
    %jmp/1 T_6.1, 6;
    %dup/vec4;
    %pushi/vec4 2, 0, 4;
    %cmp/u;
    %jmp/1 T_6.2, 6;
    %dup/vec4;
    %pushi/vec4 3, 0, 4;
    %cmp/u;
    %jmp/1 T_6.3, 6;
    %dup/vec4;
    %pushi/vec4 4, 0, 4;
    %cmp/u;
    %jmp/1 T_6.4, 6;
    %dup/vec4;
    %pushi/vec4 5, 0, 4;
    %cmp/u;
    %jmp/1 T_6.5, 6;
    %dup/vec4;
    %pushi/vec4 6, 0, 4;
    %cmp/u;
    %jmp/1 T_6.6, 6;
    %dup/vec4;
    %pushi/vec4 7, 0, 4;
    %cmp/u;
    %jmp/1 T_6.7, 6;
    %pushi/vec4 0, 0, 32;
    %store/vec4 v0xb2d025d60_0, 0, 32;
    %jmp T_6.9;
T_6.0 ;
    %load/vec4 v0xb2d025b80_0;
    %load/vec4 v0xb2d025cc0_0;
    %add;
    %store/vec4 v0xb2d025d60_0, 0, 32;
    %jmp T_6.9;
T_6.1 ;
    %load/vec4 v0xb2d025b80_0;
    %load/vec4 v0xb2d025cc0_0;
    %sub;
    %store/vec4 v0xb2d025d60_0, 0, 32;
    %jmp T_6.9;
T_6.2 ;
    %load/vec4 v0xb2d025b80_0;
    %load/vec4 v0xb2d025cc0_0;
    %and;
    %store/vec4 v0xb2d025d60_0, 0, 32;
    %jmp T_6.9;
T_6.3 ;
    %load/vec4 v0xb2d025b80_0;
    %load/vec4 v0xb2d025cc0_0;
    %or;
    %store/vec4 v0xb2d025d60_0, 0, 32;
    %jmp T_6.9;
T_6.4 ;
    %load/vec4 v0xb2d025b80_0;
    %load/vec4 v0xb2d025cc0_0;
    %xor;
    %store/vec4 v0xb2d025d60_0, 0, 32;
    %jmp T_6.9;
T_6.5 ;
    %load/vec4 v0xb2d025b80_0;
    %load/vec4 v0xb2d025cc0_0;
    %parti/s 5, 0, 2;
    %ix/vec4 4;
    %shiftl 4;
    %store/vec4 v0xb2d025d60_0, 0, 32;
    %jmp T_6.9;
T_6.6 ;
    %load/vec4 v0xb2d025b80_0;
    %load/vec4 v0xb2d025cc0_0;
    %parti/s 5, 0, 2;
    %ix/vec4 4;
    %shiftr 4;
    %store/vec4 v0xb2d025d60_0, 0, 32;
    %jmp T_6.9;
T_6.7 ;
    %load/vec4 v0xb2d025b80_0;
    %load/vec4 v0xb2d025cc0_0;
    %cmp/s;
    %flag_mov 8, 5;
    %jmp/0 T_6.10, 8;
    %pushi/vec4 1, 0, 32;
    %jmp/1 T_6.11, 8;
T_6.10 ; End of true expr.
    %pushi/vec4 0, 0, 32;
    %jmp/0 T_6.11, 8;
 ; End of false expr.
    %blend;
T_6.11;
    %store/vec4 v0xb2d025d60_0, 0, 32;
    %jmp T_6.9;
T_6.9 ;
    %pop/vec4 1;
    %jmp T_6;
    .thread T_6, $push;
    .scope S_0x104a4df60;
T_7 ;
    %wait E_0xb2cc9dd80;
    %load/vec4 v0xb2d026800_0;
    %flag_set/vec4 8;
    %jmp/0xz  T_7.0, 8;
    %load/vec4 v0xb2d0269e0_0;
    %ix/getv 3, v0xb2d026620_0;
    %ix/load 4, 0, 0; Constant delay
    %assign/vec4/a/d v0xb2d0268a0, 0, 4;
T_7.0 ;
    %jmp T_7;
    .thread T_7;
    .scope S_0x104a4df60;
T_8 ;
    %wait E_0xb2cc9dd40;
    %load/vec4 v0xb2d026760_0;
    %flag_set/vec4 8;
    %jmp/0xz  T_8.0, 8;
    %ix/getv 4, v0xb2d026620_0;
    %load/vec4a v0xb2d0268a0, 4;
    %store/vec4 v0xb2d026940_0, 0, 32;
    %jmp T_8.1;
T_8.0 ;
    %pushi/vec4 0, 0, 32;
    %store/vec4 v0xb2d026940_0, 0, 32;
T_8.1 ;
    %jmp T_8;
    .thread T_8, $push;
    .scope S_0xb2cce9b00;
T_9 ;
    %wait E_0xb2cc9e300;
    %load/vec4 v0xb2d0def80_0;
    %flag_set/vec4 8;
    %jmp/0xz  T_9.0, 8;
    %pushi/vec4 0, 0, 32;
    %assign/vec4 v0xb2d0dee40_0, 0;
    %jmp T_9.1;
T_9.0 ;
    %load/vec4 v0xb2d0deee0_0;
    %flag_set/vec4 8;
    %jmp/0xz  T_9.2, 8;
    %load/vec4 v0xb2d0deda0_0;
    %assign/vec4 v0xb2d0dee40_0, 0;
T_9.2 ;
T_9.1 ;
    %jmp T_9;
    .thread T_9;
    .scope S_0xb2cce9500;
T_10 ;
    %pushi/vec4 8388847, 0, 32;
    %ix/load 4, 0, 0;
    %flag_set/imm 4, 0;
    %store/vec4a v0xb2d0dd9a0, 4, 0;
    %pushi/vec4 1048851, 0, 32;
    %ix/load 4, 1, 0;
    %flag_set/imm 4, 0;
    %store/vec4a v0xb2d0dd9a0, 4, 0;
    %pushi/vec4 103809427, 0, 32;
    %ix/load 4, 2, 0;
    %flag_set/imm 4, 0;
    %store/vec4a v0xb2d0dd9a0, 4, 0;
    %end;
    .thread T_10;
    .scope S_0xb2cce9380;
T_11 ;
    %wait E_0xb2cc9e300;
    %load/vec4 v0xb2d0dd680_0;
    %flag_set/vec4 8;
    %jmp/0xz  T_11.0, 8;
    %pushi/vec4 0, 0, 32;
    %assign/vec4 v0xb2d0dd5e0_0, 0;
    %pushi/vec4 0, 0, 32;
    %assign/vec4 v0xb2d0dd4a0_0, 0;
    %jmp T_11.1;
T_11.0 ;
    %load/vec4 v0xb2d0dd360_0;
    %flag_set/vec4 8;
    %jmp/0xz  T_11.2, 8;
    %pushi/vec4 0, 0, 32;
    %assign/vec4 v0xb2d0dd5e0_0, 0;
    %pushi/vec4 0, 0, 32;
    %assign/vec4 v0xb2d0dd4a0_0, 0;
    %jmp T_11.3;
T_11.2 ;
    %load/vec4 v0xb2d0dd720_0;
    %nor/r;
    %flag_set/vec4 8;
    %jmp/0xz  T_11.4, 8;
    %load/vec4 v0xb2d0dd540_0;
    %assign/vec4 v0xb2d0dd5e0_0, 0;
    %load/vec4 v0xb2d0dd400_0;
    %assign/vec4 v0xb2d0dd4a0_0, 0;
T_11.4 ;
T_11.3 ;
T_11.1 ;
    %jmp T_11;
    .thread T_11;
    .scope S_0xb2cce9080;
T_12 ;
    %wait E_0xb2cc9e300;
    %load/vec4 v0xb2d0daa80_0;
    %flag_set/vec4 8;
    %jmp/0xz  T_12.0, 8;
    %pushi/vec4 0, 0, 32;
    %store/vec4 v0xb2d0da760_0, 0, 32;
T_12.2 ; Top of for-loop
    %load/vec4 v0xb2d0da760_0;
    %cmpi/s 32, 0, 32;
	  %jmp/0xz T_12.3, 5;
    %pushi/vec4 0, 0, 32;
    %ix/getv/s 3, v0xb2d0da760_0;
    %ix/load 4, 0, 0; Constant delay
    %assign/vec4/a/d v0xb2d0da9e0, 0, 4;
T_12.4 ; for-loop step statement
    %load/vec4 v0xb2d0da760_0;
    %addi 1, 0, 32;
    %store/vec4 v0xb2d0da760_0, 0, 32;
    %jmp T_12.2;
T_12.3 ; for-loop exit label
    %jmp T_12.1;
T_12.0 ;
    %load/vec4 v0xb2d0dac60_0;
    %flag_set/vec4 9;
    %flag_get/vec4 9;
    %jmp/0 T_12.7, 9;
    %load/vec4 v0xb2d0da800_0;
    %pushi/vec4 0, 0, 5;
    %cmp/ne;
    %flag_get/vec4 4;
    %and;
T_12.7;
    %flag_set/vec4 8;
    %jmp/0xz  T_12.5, 8;
    %load/vec4 v0xb2d0dad00_0;
    %load/vec4 v0xb2d0da800_0;
    %pad/u 7;
    %ix/vec4 3;
    %ix/load 4, 0, 0; Constant delay
    %assign/vec4/a/d v0xb2d0da9e0, 0, 4;
T_12.5 ;
T_12.1 ;
    %jmp T_12;
    .thread T_12;
    .scope S_0xb2cce8d80;
T_13 ;
    %wait E_0xb2cc9e440;
    %pushi/vec4 0, 0, 1;
    %store/vec4 v0xb2d0d94a0_0, 0, 1;
    %pushi/vec4 0, 0, 1;
    %store/vec4 v0xb2d0d90e0_0, 0, 1;
    %pushi/vec4 0, 0, 1;
    %store/vec4 v0xb2d0d92c0_0, 0, 1;
    %pushi/vec4 0, 0, 1;
    %store/vec4 v0xb2d0d9360_0, 0, 1;
    %pushi/vec4 0, 0, 1;
    %store/vec4 v0xb2d0d9400_0, 0, 1;
    %pushi/vec4 0, 0, 1;
    %store/vec4 v0xb2d0d9180_0, 0, 1;
    %pushi/vec4 0, 0, 1;
    %store/vec4 v0xb2d0d9220_0, 0, 1;
    %pushi/vec4 0, 0, 2;
    %store/vec4 v0xb2d0d9040_0, 0, 2;
    %load/vec4 v0xb2d0d9540_0;
    %dup/vec4;
    %pushi/vec4 51, 0, 7;
    %cmp/u;
    %jmp/1 T_13.0, 6;
    %dup/vec4;
    %pushi/vec4 19, 0, 7;
    %cmp/u;
    %jmp/1 T_13.1, 6;
    %dup/vec4;
    %pushi/vec4 3, 0, 7;
    %cmp/u;
    %jmp/1 T_13.2, 6;
    %dup/vec4;
    %pushi/vec4 35, 0, 7;
    %cmp/u;
    %jmp/1 T_13.3, 6;
    %dup/vec4;
    %pushi/vec4 99, 0, 7;
    %cmp/u;
    %jmp/1 T_13.4, 6;
    %dup/vec4;
    %pushi/vec4 111, 0, 7;
    %cmp/u;
    %jmp/1 T_13.5, 6;
    %dup/vec4;
    %pushi/vec4 55, 0, 7;
    %cmp/u;
    %jmp/1 T_13.6, 6;
    %jmp T_13.7;
T_13.0 ;
    %pushi/vec4 1, 0, 1;
    %store/vec4 v0xb2d0d94a0_0, 0, 1;
    %pushi/vec4 2, 0, 2;
    %store/vec4 v0xb2d0d9040_0, 0, 2;
    %jmp T_13.7;
T_13.1 ;
    %pushi/vec4 1, 0, 1;
    %store/vec4 v0xb2d0d94a0_0, 0, 1;
    %pushi/vec4 1, 0, 1;
    %store/vec4 v0xb2d0d90e0_0, 0, 1;
    %pushi/vec4 2, 0, 2;
    %store/vec4 v0xb2d0d9040_0, 0, 2;
    %jmp T_13.7;
T_13.2 ;
    %pushi/vec4 1, 0, 1;
    %store/vec4 v0xb2d0d94a0_0, 0, 1;
    %pushi/vec4 1, 0, 1;
    %store/vec4 v0xb2d0d90e0_0, 0, 1;
    %pushi/vec4 1, 0, 1;
    %store/vec4 v0xb2d0d92c0_0, 0, 1;
    %pushi/vec4 1, 0, 1;
    %store/vec4 v0xb2d0d9400_0, 0, 1;
    %pushi/vec4 0, 0, 2;
    %store/vec4 v0xb2d0d9040_0, 0, 2;
    %jmp T_13.7;
T_13.3 ;
    %pushi/vec4 1, 0, 1;
    %store/vec4 v0xb2d0d90e0_0, 0, 1;
    %pushi/vec4 1, 0, 1;
    %store/vec4 v0xb2d0d9360_0, 0, 1;
    %pushi/vec4 0, 0, 2;
    %store/vec4 v0xb2d0d9040_0, 0, 2;
    %jmp T_13.7;
T_13.4 ;
    %pushi/vec4 1, 0, 1;
    %store/vec4 v0xb2d0d9180_0, 0, 1;
    %pushi/vec4 1, 0, 2;
    %store/vec4 v0xb2d0d9040_0, 0, 2;
    %jmp T_13.7;
T_13.5 ;
    %pushi/vec4 1, 0, 1;
    %store/vec4 v0xb2d0d9220_0, 0, 1;
    %pushi/vec4 1, 0, 1;
    %store/vec4 v0xb2d0d94a0_0, 0, 1;
    %jmp T_13.7;
T_13.6 ;
    %pushi/vec4 1, 0, 1;
    %store/vec4 v0xb2d0d94a0_0, 0, 1;
    %pushi/vec4 1, 0, 1;
    %store/vec4 v0xb2d0d90e0_0, 0, 1;
    %jmp T_13.7;
T_13.7 ;
    %pop/vec4 1;
    %jmp T_13;
    .thread T_13, $push;
    .scope S_0xb2cce8f00;
T_14 ;
    %wait E_0xb2cc9e4c0;
    %load/vec4 v0xb2d0d9720_0;
    %dup/vec4;
    %pushi/vec4 19, 0, 7;
    %cmp/u;
    %jmp/1 T_14.0, 6;
    %dup/vec4;
    %pushi/vec4 3, 0, 7;
    %cmp/u;
    %jmp/1 T_14.1, 6;
    %dup/vec4;
    %pushi/vec4 35, 0, 7;
    %cmp/u;
    %jmp/1 T_14.2, 6;
    %dup/vec4;
    %pushi/vec4 99, 0, 7;
    %cmp/u;
    %jmp/1 T_14.3, 6;
    %dup/vec4;
    %pushi/vec4 55, 0, 7;
    %cmp/u;
    %jmp/1 T_14.4, 6;
    %dup/vec4;
    %pushi/vec4 23, 0, 7;
    %cmp/u;
    %jmp/1 T_14.5, 6;
    %dup/vec4;
    %pushi/vec4 111, 0, 7;
    %cmp/u;
    %jmp/1 T_14.6, 6;
    %pushi/vec4 0, 0, 32;
    %store/vec4 v0xb2d0d95e0_0, 0, 32;
    %jmp T_14.8;
T_14.0 ;
    %load/vec4 v0xb2d0d9680_0;
    %parti/s 1, 31, 6;
    %replicate 20;
    %load/vec4 v0xb2d0d9680_0;
    %parti/s 12, 20, 6;
    %concat/vec4; draw_concat_vec4
    %store/vec4 v0xb2d0d95e0_0, 0, 32;
    %jmp T_14.8;
T_14.1 ;
    %load/vec4 v0xb2d0d9680_0;
    %parti/s 1, 31, 6;
    %replicate 20;
    %load/vec4 v0xb2d0d9680_0;
    %parti/s 12, 20, 6;
    %concat/vec4; draw_concat_vec4
    %store/vec4 v0xb2d0d95e0_0, 0, 32;
    %jmp T_14.8;
T_14.2 ;
    %load/vec4 v0xb2d0d9680_0;
    %parti/s 1, 31, 6;
    %replicate 20;
    %load/vec4 v0xb2d0d9680_0;
    %parti/s 7, 25, 6;
    %concat/vec4; draw_concat_vec4
    %load/vec4 v0xb2d0d9680_0;
    %parti/s 5, 7, 4;
    %concat/vec4; draw_concat_vec4
    %store/vec4 v0xb2d0d95e0_0, 0, 32;
    %jmp T_14.8;
T_14.3 ;
    %load/vec4 v0xb2d0d9680_0;
    %parti/s 1, 31, 6;
    %replicate 19;
    %load/vec4 v0xb2d0d9680_0;
    %parti/s 1, 31, 6;
    %concat/vec4; draw_concat_vec4
    %load/vec4 v0xb2d0d9680_0;
    %parti/s 1, 7, 4;
    %concat/vec4; draw_concat_vec4
    %load/vec4 v0xb2d0d9680_0;
    %parti/s 6, 25, 6;
    %concat/vec4; draw_concat_vec4
    %load/vec4 v0xb2d0d9680_0;
    %parti/s 4, 8, 5;
    %concat/vec4; draw_concat_vec4
    %concati/vec4 0, 0, 1;
    %store/vec4 v0xb2d0d95e0_0, 0, 32;
    %jmp T_14.8;
T_14.4 ;
    %load/vec4 v0xb2d0d9680_0;
    %parti/s 20, 12, 5;
    %concati/vec4 0, 0, 12;
    %store/vec4 v0xb2d0d95e0_0, 0, 32;
    %jmp T_14.8;
T_14.5 ;
    %load/vec4 v0xb2d0d9680_0;
    %parti/s 20, 12, 5;
    %concati/vec4 0, 0, 12;
    %store/vec4 v0xb2d0d95e0_0, 0, 32;
    %jmp T_14.8;
T_14.6 ;
    %load/vec4 v0xb2d0d9680_0;
    %parti/s 1, 31, 6;
    %replicate 11;
    %load/vec4 v0xb2d0d9680_0;
    %parti/s 1, 31, 6;
    %concat/vec4; draw_concat_vec4
    %load/vec4 v0xb2d0d9680_0;
    %parti/s 8, 12, 5;
    %concat/vec4; draw_concat_vec4
    %load/vec4 v0xb2d0d9680_0;
    %parti/s 1, 20, 6;
    %concat/vec4; draw_concat_vec4
    %load/vec4 v0xb2d0d9680_0;
    %parti/s 10, 21, 6;
    %concat/vec4; draw_concat_vec4
    %concati/vec4 0, 0, 1;
    %store/vec4 v0xb2d0d95e0_0, 0, 32;
    %jmp T_14.8;
T_14.8 ;
    %pop/vec4 1;
    %jmp T_14;
    .thread T_14, $push;
    .scope S_0xb2cce8a80;
T_15 ;
    %wait E_0xb2cc9e400;
    %load/vec4 v0xb2d0d8d20_0;
    %flag_set/vec4 10;
    %flag_get/vec4 10;
    %jmp/0 T_15.3, 10;
    %load/vec4 v0xb2d0d8dc0_0;
    %pushi/vec4 0, 0, 5;
    %cmp/ne;
    %flag_get/vec4 4;
    %and;
T_15.3;
    %flag_set/vec4 9;
    %flag_get/vec4 9;
    %jmp/0 T_15.2, 9;
    %load/vec4 v0xb2d0d8dc0_0;
    %load/vec4 v0xb2d0d8e60_0;
    %cmp/e;
    %flag_get/vec4 4;
    %jmp/1 T_15.4, 4;
    %load/vec4 v0xb2d0d8dc0_0;
    %load/vec4 v0xb2d0d8f00_0;
    %cmp/e;
    %flag_get/vec4 4;
    %or;
T_15.4;
    %and;
T_15.2;
    %flag_set/vec4 8;
    %jmp/0xz  T_15.0, 8;
    %pushi/vec4 1, 0, 1;
    %store/vec4 v0xb2d0d8fa0_0, 0, 1;
    %jmp T_15.1;
T_15.0 ;
    %pushi/vec4 0, 0, 1;
    %store/vec4 v0xb2d0d8fa0_0, 0, 1;
T_15.1 ;
    %jmp T_15;
    .thread T_15, $push;
    .scope S_0xb2cce9200;
T_16 ;
    %wait E_0xb2cc9e300;
    %load/vec4 v0xb2d0dcfa0_0;
    %flag_set/vec4 8;
    %jmp/1 T_16.2, 8;
    %load/vec4 v0xb2d0dc640_0;
    %flag_set/vec4 9;
    %flag_or 8, 9;
T_16.2;
    %jmp/0xz  T_16.0, 8;
    %pushi/vec4 0, 0, 32;
    %assign/vec4 v0xb2d0dcb40_0, 0;
    %pushi/vec4 0, 0, 32;
    %assign/vec4 v0xb2d0dcdc0_0, 0;
    %pushi/vec4 0, 0, 32;
    %assign/vec4 v0xb2d0dcf00_0, 0;
    %pushi/vec4 0, 0, 32;
    %assign/vec4 v0xb2d0dca00_0, 0;
    %pushi/vec4 0, 0, 5;
    %assign/vec4 v0xb2d0dd0e0_0, 0;
    %pushi/vec4 0, 0, 5;
    %assign/vec4 v0xb2d0dd220_0, 0;
    %pushi/vec4 0, 0, 5;
    %assign/vec4 v0xb2d0dcc80_0, 0;
    %pushi/vec4 0, 0, 3;
    %assign/vec4 v0xb2d0dc780_0, 0;
    %pushi/vec4 0, 0, 7;
    %assign/vec4 v0xb2d0dc8c0_0, 0;
    %pushi/vec4 0, 0, 1;
    %assign/vec4 v0xb2d0dc500_0, 0;
    %pushi/vec4 0, 0, 1;
    %assign/vec4 v0xb2d0dbd40_0, 0;
    %pushi/vec4 0, 0, 1;
    %assign/vec4 v0xb2d0dc140_0, 0;
    %pushi/vec4 0, 0, 1;
    %assign/vec4 v0xb2d0dc280_0, 0;
    %pushi/vec4 0, 0, 1;
    %assign/vec4 v0xb2d0dc3c0_0, 0;
    %pushi/vec4 0, 0, 1;
    %assign/vec4 v0xb2d0dbe80_0, 0;
    %pushi/vec4 0, 0, 1;
    %assign/vec4 v0xb2d0dc000_0, 0;
    %pushi/vec4 0, 0, 2;
    %assign/vec4 v0xb2d0dbc00_0, 0;
    %jmp T_16.1;
T_16.0 ;
    %load/vec4 v0xb2d0dcaa0_0;
    %assign/vec4 v0xb2d0dcb40_0, 0;
    %load/vec4 v0xb2d0dcd20_0;
    %assign/vec4 v0xb2d0dcdc0_0, 0;
    %load/vec4 v0xb2d0dce60_0;
    %assign/vec4 v0xb2d0dcf00_0, 0;
    %load/vec4 v0xb2d0dc960_0;
    %assign/vec4 v0xb2d0dca00_0, 0;
    %load/vec4 v0xb2d0dd040_0;
    %assign/vec4 v0xb2d0dd0e0_0, 0;
    %load/vec4 v0xb2d0dd180_0;
    %assign/vec4 v0xb2d0dd220_0, 0;
    %load/vec4 v0xb2d0dcbe0_0;
    %assign/vec4 v0xb2d0dcc80_0, 0;
    %load/vec4 v0xb2d0dc6e0_0;
    %assign/vec4 v0xb2d0dc780_0, 0;
    %load/vec4 v0xb2d0dc820_0;
    %assign/vec4 v0xb2d0dc8c0_0, 0;
    %load/vec4 v0xb2d0dc460_0;
    %assign/vec4 v0xb2d0dc500_0, 0;
    %load/vec4 v0xb2d0dbca0_0;
    %assign/vec4 v0xb2d0dbd40_0, 0;
    %load/vec4 v0xb2d0dc0a0_0;
    %assign/vec4 v0xb2d0dc140_0, 0;
    %load/vec4 v0xb2d0dc1e0_0;
    %assign/vec4 v0xb2d0dc280_0, 0;
    %load/vec4 v0xb2d0dc320_0;
    %assign/vec4 v0xb2d0dc3c0_0, 0;
    %load/vec4 v0xb2d0dbde0_0;
    %assign/vec4 v0xb2d0dbe80_0, 0;
    %load/vec4 v0xb2d0dbf20_0;
    %assign/vec4 v0xb2d0dc000_0, 0;
    %load/vec4 v0xb2d0dbb60_0;
    %assign/vec4 v0xb2d0dbc00_0, 0;
T_16.1 ;
    %jmp T_16;
    .thread T_16;
    .scope S_0xb2cce8900;
T_17 ;
    %wait E_0xb2cc9e3c0;
    %load/vec4 v0xb2d0d88c0_0;
    %flag_set/vec4 10;
    %flag_get/vec4 10;
    %jmp/0 T_17.3, 10;
    %load/vec4 v0xb2d0d8820_0;
    %pushi/vec4 0, 0, 5;
    %cmp/ne;
    %flag_get/vec4 4;
    %and;
T_17.3;
    %flag_set/vec4 9;
    %flag_get/vec4 9;
    %jmp/0 T_17.2, 9;
    %load/vec4 v0xb2d0d8820_0;
    %load/vec4 v0xb2d0d8aa0_0;
    %cmp/e;
    %flag_get/vec4 4;
    %and;
T_17.2;
    %flag_set/vec4 8;
    %jmp/0xz  T_17.0, 8;
    %pushi/vec4 2, 0, 2;
    %store/vec4 v0xb2d0d8960_0, 0, 2;
    %jmp T_17.1;
T_17.0 ;
    %load/vec4 v0xb2d0d8c80_0;
    %flag_set/vec4 10;
    %flag_get/vec4 10;
    %jmp/0 T_17.7, 10;
    %load/vec4 v0xb2d0d8be0_0;
    %pushi/vec4 0, 0, 5;
    %cmp/ne;
    %flag_get/vec4 4;
    %and;
T_17.7;
    %flag_set/vec4 9;
    %flag_get/vec4 9;
    %jmp/0 T_17.6, 9;
    %load/vec4 v0xb2d0d8be0_0;
    %load/vec4 v0xb2d0d8aa0_0;
    %cmp/e;
    %flag_get/vec4 4;
    %and;
T_17.6;
    %flag_set/vec4 8;
    %jmp/0xz  T_17.4, 8;
    %pushi/vec4 1, 0, 2;
    %store/vec4 v0xb2d0d8960_0, 0, 2;
    %jmp T_17.5;
T_17.4 ;
    %pushi/vec4 0, 0, 2;
    %store/vec4 v0xb2d0d8960_0, 0, 2;
T_17.5 ;
T_17.1 ;
    %load/vec4 v0xb2d0d88c0_0;
    %flag_set/vec4 10;
    %flag_get/vec4 10;
    %jmp/0 T_17.11, 10;
    %load/vec4 v0xb2d0d8820_0;
    %pushi/vec4 0, 0, 5;
    %cmp/ne;
    %flag_get/vec4 4;
    %and;
T_17.11;
    %flag_set/vec4 9;
    %flag_get/vec4 9;
    %jmp/0 T_17.10, 9;
    %load/vec4 v0xb2d0d8820_0;
    %load/vec4 v0xb2d0d8b40_0;
    %cmp/e;
    %flag_get/vec4 4;
    %and;
T_17.10;
    %flag_set/vec4 8;
    %jmp/0xz  T_17.8, 8;
    %pushi/vec4 2, 0, 2;
    %store/vec4 v0xb2d0d8a00_0, 0, 2;
    %jmp T_17.9;
T_17.8 ;
    %load/vec4 v0xb2d0d8c80_0;
    %flag_set/vec4 10;
    %flag_get/vec4 10;
    %jmp/0 T_17.15, 10;
    %load/vec4 v0xb2d0d8be0_0;
    %pushi/vec4 0, 0, 5;
    %cmp/ne;
    %flag_get/vec4 4;
    %and;
T_17.15;
    %flag_set/vec4 9;
    %flag_get/vec4 9;
    %jmp/0 T_17.14, 9;
    %load/vec4 v0xb2d0d8be0_0;
    %load/vec4 v0xb2d0d8b40_0;
    %cmp/e;
    %flag_get/vec4 4;
    %and;
T_17.14;
    %flag_set/vec4 8;
    %jmp/0xz  T_17.12, 8;
    %pushi/vec4 1, 0, 2;
    %store/vec4 v0xb2d0d8a00_0, 0, 2;
    %jmp T_17.13;
T_17.12 ;
    %pushi/vec4 0, 0, 2;
    %store/vec4 v0xb2d0d8a00_0, 0, 2;
T_17.13 ;
T_17.9 ;
    %jmp T_17;
    .thread T_17, $push;
    .scope S_0xb2cce8300;
T_18 ;
    %wait E_0xb2cc9e200;
    %load/vec4 v0xb2d0d5b80_0;
    %dup/vec4;
    %pushi/vec4 0, 0, 2;
    %cmp/u;
    %jmp/1 T_18.0, 6;
    %dup/vec4;
    %pushi/vec4 1, 0, 2;
    %cmp/u;
    %jmp/1 T_18.1, 6;
    %dup/vec4;
    %pushi/vec4 2, 0, 2;
    %cmp/u;
    %jmp/1 T_18.2, 6;
    %pushi/vec4 0, 0, 4;
    %store/vec4 v0xb2d0d5ae0_0, 0, 4;
    %jmp T_18.4;
T_18.0 ;
    %pushi/vec4 0, 0, 4;
    %store/vec4 v0xb2d0d5ae0_0, 0, 4;
    %jmp T_18.4;
T_18.1 ;
    %pushi/vec4 1, 0, 4;
    %store/vec4 v0xb2d0d5ae0_0, 0, 4;
    %jmp T_18.4;
T_18.2 ;
    %load/vec4 v0xb2d0d5c20_0;
    %dup/vec4;
    %pushi/vec4 0, 0, 3;
    %cmp/u;
    %jmp/1 T_18.5, 6;
    %dup/vec4;
    %pushi/vec4 7, 0, 3;
    %cmp/u;
    %jmp/1 T_18.6, 6;
    %dup/vec4;
    %pushi/vec4 6, 0, 3;
    %cmp/u;
    %jmp/1 T_18.7, 6;
    %dup/vec4;
    %pushi/vec4 4, 0, 3;
    %cmp/u;
    %jmp/1 T_18.8, 6;
    %dup/vec4;
    %pushi/vec4 1, 0, 3;
    %cmp/u;
    %jmp/1 T_18.9, 6;
    %dup/vec4;
    %pushi/vec4 5, 0, 3;
    %cmp/u;
    %jmp/1 T_18.10, 6;
    %dup/vec4;
    %pushi/vec4 2, 0, 3;
    %cmp/u;
    %jmp/1 T_18.11, 6;
    %pushi/vec4 0, 0, 4;
    %store/vec4 v0xb2d0d5ae0_0, 0, 4;
    %jmp T_18.13;
T_18.5 ;
    %load/vec4 v0xb2d0d5cc0_0;
    %cmpi/e 32, 0, 7;
    %jmp/0xz  T_18.14, 4;
    %pushi/vec4 1, 0, 4;
    %store/vec4 v0xb2d0d5ae0_0, 0, 4;
    %jmp T_18.15;
T_18.14 ;
    %pushi/vec4 0, 0, 4;
    %store/vec4 v0xb2d0d5ae0_0, 0, 4;
T_18.15 ;
    %jmp T_18.13;
T_18.6 ;
    %pushi/vec4 2, 0, 4;
    %store/vec4 v0xb2d0d5ae0_0, 0, 4;
    %jmp T_18.13;
T_18.7 ;
    %pushi/vec4 3, 0, 4;
    %store/vec4 v0xb2d0d5ae0_0, 0, 4;
    %jmp T_18.13;
T_18.8 ;
    %pushi/vec4 4, 0, 4;
    %store/vec4 v0xb2d0d5ae0_0, 0, 4;
    %jmp T_18.13;
T_18.9 ;
    %pushi/vec4 5, 0, 4;
    %store/vec4 v0xb2d0d5ae0_0, 0, 4;
    %jmp T_18.13;
T_18.10 ;
    %pushi/vec4 6, 0, 4;
    %store/vec4 v0xb2d0d5ae0_0, 0, 4;
    %jmp T_18.13;
T_18.11 ;
    %pushi/vec4 7, 0, 4;
    %store/vec4 v0xb2d0d5ae0_0, 0, 4;
    %jmp T_18.13;
T_18.13 ;
    %pop/vec4 1;
    %jmp T_18.4;
T_18.4 ;
    %pop/vec4 1;
    %jmp T_18;
    .thread T_18, $push;
    .scope S_0xb2cce8480;
T_19 ;
    %wait E_0xb2cc9e240;
    %load/vec4 v0xb2d0d5ea0_0;
    %dup/vec4;
    %pushi/vec4 0, 0, 4;
    %cmp/u;
    %jmp/1 T_19.0, 6;
    %dup/vec4;
    %pushi/vec4 1, 0, 4;
    %cmp/u;
    %jmp/1 T_19.1, 6;
    %dup/vec4;
    %pushi/vec4 2, 0, 4;
    %cmp/u;
    %jmp/1 T_19.2, 6;
    %dup/vec4;
    %pushi/vec4 3, 0, 4;
    %cmp/u;
    %jmp/1 T_19.3, 6;
    %dup/vec4;
    %pushi/vec4 4, 0, 4;
    %cmp/u;
    %jmp/1 T_19.4, 6;
    %dup/vec4;
    %pushi/vec4 5, 0, 4;
    %cmp/u;
    %jmp/1 T_19.5, 6;
    %dup/vec4;
    %pushi/vec4 6, 0, 4;
    %cmp/u;
    %jmp/1 T_19.6, 6;
    %dup/vec4;
    %pushi/vec4 7, 0, 4;
    %cmp/u;
    %jmp/1 T_19.7, 6;
    %pushi/vec4 0, 0, 32;
    %store/vec4 v0xb2d0d5fe0_0, 0, 32;
    %jmp T_19.9;
T_19.0 ;
    %load/vec4 v0xb2d0d5e00_0;
    %load/vec4 v0xb2d0d5f40_0;
    %add;
    %store/vec4 v0xb2d0d5fe0_0, 0, 32;
    %jmp T_19.9;
T_19.1 ;
    %load/vec4 v0xb2d0d5e00_0;
    %load/vec4 v0xb2d0d5f40_0;
    %sub;
    %store/vec4 v0xb2d0d5fe0_0, 0, 32;
    %jmp T_19.9;
T_19.2 ;
    %load/vec4 v0xb2d0d5e00_0;
    %load/vec4 v0xb2d0d5f40_0;
    %and;
    %store/vec4 v0xb2d0d5fe0_0, 0, 32;
    %jmp T_19.9;
T_19.3 ;
    %load/vec4 v0xb2d0d5e00_0;
    %load/vec4 v0xb2d0d5f40_0;
    %or;
    %store/vec4 v0xb2d0d5fe0_0, 0, 32;
    %jmp T_19.9;
T_19.4 ;
    %load/vec4 v0xb2d0d5e00_0;
    %load/vec4 v0xb2d0d5f40_0;
    %xor;
    %store/vec4 v0xb2d0d5fe0_0, 0, 32;
    %jmp T_19.9;
T_19.5 ;
    %load/vec4 v0xb2d0d5e00_0;
    %load/vec4 v0xb2d0d5f40_0;
    %parti/s 5, 0, 2;
    %ix/vec4 4;
    %shiftl 4;
    %store/vec4 v0xb2d0d5fe0_0, 0, 32;
    %jmp T_19.9;
T_19.6 ;
    %load/vec4 v0xb2d0d5e00_0;
    %load/vec4 v0xb2d0d5f40_0;
    %parti/s 5, 0, 2;
    %ix/vec4 4;
    %shiftr 4;
    %store/vec4 v0xb2d0d5fe0_0, 0, 32;
    %jmp T_19.9;
T_19.7 ;
    %load/vec4 v0xb2d0d5e00_0;
    %load/vec4 v0xb2d0d5f40_0;
    %cmp/s;
    %flag_mov 8, 5;
    %jmp/0 T_19.10, 8;
    %pushi/vec4 1, 0, 32;
    %jmp/1 T_19.11, 8;
T_19.10 ; End of true expr.
    %pushi/vec4 0, 0, 32;
    %jmp/0 T_19.11, 8;
 ; End of false expr.
    %blend;
T_19.11;
    %store/vec4 v0xb2d0d5fe0_0, 0, 32;
    %jmp T_19.9;
T_19.9 ;
    %pop/vec4 1;
    %jmp T_19;
    .thread T_19, $push;
    .scope S_0xb2cce8780;
T_20 ;
    %wait E_0xb2cc9e300;
    %load/vec4 v0xb2d0d8640_0;
    %flag_set/vec4 8;
    %jmp/0xz  T_20.0, 8;
    %pushi/vec4 0, 0, 32;
    %assign/vec4 v0xb2d0d8000_0, 0;
    %pushi/vec4 0, 0, 32;
    %assign/vec4 v0xb2d0d8780_0, 0;
    %pushi/vec4 0, 0, 5;
    %assign/vec4 v0xb2d0d85a0_0, 0;
    %pushi/vec4 0, 0, 32;
    %assign/vec4 v0xb2d0d8280_0, 0;
    %pushi/vec4 0, 0, 1;
    %assign/vec4 v0xb2d0d8140_0, 0;
    %pushi/vec4 0, 0, 32;
    %assign/vec4 v0xb2d0d8460_0, 0;
    %pushi/vec4 0, 0, 1;
    %assign/vec4 v0xb2d0d7e80_0, 0;
    %pushi/vec4 0, 0, 1;
    %assign/vec4 v0xb2d0d7ac0_0, 0;
    %pushi/vec4 0, 0, 1;
    %assign/vec4 v0xb2d0d7c00_0, 0;
    %pushi/vec4 0, 0, 1;
    %assign/vec4 v0xb2d0d7d40_0, 0;
    %pushi/vec4 0, 0, 1;
    %assign/vec4 v0xb2d0d7840_0, 0;
    %pushi/vec4 0, 0, 1;
    %assign/vec4 v0xb2d0d7980_0, 0;
    %jmp T_20.1;
T_20.0 ;
    %load/vec4 v0xb2d0d7f20_0;
    %assign/vec4 v0xb2d0d8000_0, 0;
    %load/vec4 v0xb2d0d86e0_0;
    %assign/vec4 v0xb2d0d8780_0, 0;
    %load/vec4 v0xb2d0d8500_0;
    %assign/vec4 v0xb2d0d85a0_0, 0;
    %load/vec4 v0xb2d0d81e0_0;
    %assign/vec4 v0xb2d0d8280_0, 0;
    %load/vec4 v0xb2d0d80a0_0;
    %assign/vec4 v0xb2d0d8140_0, 0;
    %load/vec4 v0xb2d0d83c0_0;
    %assign/vec4 v0xb2d0d8460_0, 0;
    %load/vec4 v0xb2d0d7de0_0;
    %assign/vec4 v0xb2d0d7e80_0, 0;
    %load/vec4 v0xb2d0d7a20_0;
    %assign/vec4 v0xb2d0d7ac0_0, 0;
    %load/vec4 v0xb2d0d7b60_0;
    %assign/vec4 v0xb2d0d7c00_0, 0;
    %load/vec4 v0xb2d0d7ca0_0;
    %assign/vec4 v0xb2d0d7d40_0, 0;
    %load/vec4 v0xb2d0d77a0_0;
    %assign/vec4 v0xb2d0d7840_0, 0;
    %load/vec4 v0xb2d0d78e0_0;
    %assign/vec4 v0xb2d0d7980_0, 0;
T_20.1 ;
    %jmp T_20;
    .thread T_20;
    .scope S_0xb2cce9800;
T_21 ;
    %wait E_0xb2cc9ea80;
    %load/vec4 v0xb2d0ddcc0_0;
    %flag_set/vec4 8;
    %jmp/0xz  T_21.0, 8;
    %load/vec4 v0xb2d0ddea0_0;
    %ix/getv 3, v0xb2d0ddae0_0;
    %ix/load 4, 0, 0; Constant delay
    %assign/vec4/a/d v0xb2d0ddd60, 0, 4;
T_21.0 ;
    %jmp T_21;
    .thread T_21;
    .scope S_0xb2cce9800;
T_22 ;
    %wait E_0xb2cc9ea40;
    %load/vec4 v0xb2d0ddc20_0;
    %flag_set/vec4 8;
    %jmp/0xz  T_22.0, 8;
    %ix/getv 4, v0xb2d0ddae0_0;
    %load/vec4a v0xb2d0ddd60, 4;
    %store/vec4 v0xb2d0dde00_0, 0, 32;
    %jmp T_22.1;
T_22.0 ;
    %pushi/vec4 0, 0, 32;
    %store/vec4 v0xb2d0dde00_0, 0, 32;
T_22.1 ;
    %jmp T_22;
    .thread T_22, $push;
    .scope S_0xb2cce9980;
T_23 ;
    %wait E_0xb2cc9e300;
    %load/vec4 v0xb2d0dec60_0;
    %flag_set/vec4 8;
    %jmp/0xz  T_23.0, 8;
    %pushi/vec4 0, 0, 32;
    %assign/vec4 v0xb2d0debc0_0, 0;
    %pushi/vec4 0, 0, 32;
    %assign/vec4 v0xb2d0de760_0, 0;
    %pushi/vec4 0, 0, 32;
    %assign/vec4 v0xb2d0de940_0, 0;
    %pushi/vec4 0, 0, 5;
    %assign/vec4 v0xb2d0dea80_0, 0;
    %pushi/vec4 0, 0, 1;
    %assign/vec4 v0xb2d0de620_0, 0;
    %pushi/vec4 0, 0, 1;
    %assign/vec4 v0xb2d0de4e0_0, 0;
    %pushi/vec4 0, 0, 1;
    %assign/vec4 v0xb2d0de3a0_0, 0;
    %jmp T_23.1;
T_23.0 ;
    %load/vec4 v0xb2d0deb20_0;
    %assign/vec4 v0xb2d0debc0_0, 0;
    %load/vec4 v0xb2d0de6c0_0;
    %assign/vec4 v0xb2d0de760_0, 0;
    %load/vec4 v0xb2d0de8a0_0;
    %assign/vec4 v0xb2d0de940_0, 0;
    %load/vec4 v0xb2d0de9e0_0;
    %assign/vec4 v0xb2d0dea80_0, 0;
    %load/vec4 v0xb2d0de580_0;
    %assign/vec4 v0xb2d0de620_0, 0;
    %load/vec4 v0xb2d0de440_0;
    %assign/vec4 v0xb2d0de4e0_0, 0;
    %load/vec4 v0xb2d0de300_0;
    %assign/vec4 v0xb2d0de3a0_0, 0;
T_23.1 ;
    %jmp T_23;
    .thread T_23;
    .scope S_0x104a54ef0;
T_24 ;
    %delay 5000, 0;
    %load/vec4 v0xb2d0e64e0_0;
    %inv;
    %store/vec4 v0xb2d0e64e0_0, 0, 1;
    %jmp T_24;
    .thread T_24;
    .scope S_0x104a54ef0;
T_25 ;
    %pushi/vec4 5243027, 0, 32;
    %ix/load 4, 0, 0;
    %flag_set/imm 4, 0;
    %store/vec4a v0xb2d0dd9a0, 4, 0;
    %pushi/vec4 1081651, 0, 32;
    %ix/load 4, 1, 0;
    %flag_set/imm 4, 0;
    %store/vec4a v0xb2d0dd9a0, 4, 0;
    %pushi/vec4 65939, 0, 32;
    %ix/load 4, 2, 0;
    %flag_set/imm 4, 0;
    %store/vec4a v0xb2d0dd9a0, 4, 0;
    %pushi/vec4 2138147, 0, 32;
    %ix/load 4, 3, 0;
    %flag_set/imm 4, 0;
    %store/vec4a v0xb2d0dd9a0, 4, 0;
    %pushi/vec4 41475, 0, 32;
    %ix/load 4, 4, 0;
    %flag_set/imm 4, 0;
    %store/vec4a v0xb2d0dd9a0, 4, 0;
    %pushi/vec4 131731, 0, 32;
    %ix/load 4, 5, 0;
    %flag_set/imm 4, 0;
    %store/vec4a v0xb2d0dd9a0, 4, 0;
    %pushi/vec4 1082467, 0, 32;
    %ix/load 4, 6, 0;
    %flag_set/imm 4, 0;
    %store/vec4a v0xb2d0dd9a0, 4, 0;
    %pushi/vec4 89129747, 0, 32;
    %ix/load 4, 7, 0;
    %flag_set/imm 4, 0;
    %store/vec4a v0xb2d0dd9a0, 4, 0;
    %pushi/vec4 103809939, 0, 32;
    %ix/load 4, 8, 0;
    %flag_set/imm 4, 0;
    %store/vec4a v0xb2d0dd9a0, 4, 0;
    %vpi_call/w 13 36 "$dumpfile", "pipeline.vcd" {0 0 0};
    %vpi_call/w 13 37 "$dumpvars", 32'sb00000000000000000000000000000000, S_0x104a54ef0 {0 0 0};
    %pushi/vec4 0, 0, 1;
    %store/vec4 v0xb2d0e64e0_0, 0, 1;
    %pushi/vec4 1, 0, 1;
    %store/vec4 v0xb2d0e6580_0, 0, 1;
    %delay 10000, 0;
    %pushi/vec4 0, 0, 1;
    %store/vec4 v0xb2d0e6580_0, 0, 1;
    %delay 200000, 0;
    %vpi_call/w 13 47 "$display", "---------------------------------------------" {0 0 0};
    %vpi_call/w 13 48 "$display", "x1 = %0d (expect 5)", &A<v0xb2d0da9e0, 1> {0 0 0};
    %vpi_call/w 13 49 "$display", "x2 = %0d (expect 10)", &A<v0xb2d0da9e0, 2> {0 0 0};
    %vpi_call/w 13 50 "$display", "x3 = %0d (expect 10)", &A<v0xb2d0da9e0, 3> {0 0 0};
    %vpi_call/w 13 51 "$display", "x4 = %0d (expect 10)", &A<v0xb2d0da9e0, 4> {0 0 0};
    %vpi_call/w 13 52 "$display", "x5 = %0d (expect 10)", &A<v0xb2d0da9e0, 5> {0 0 0};
    %vpi_call/w 13 53 "$display", "x6 = %0d (expect 0, must be skipped by branch)", &A<v0xb2d0da9e0, 6> {0 0 0};
    %vpi_call/w 13 54 "$display", "x7 = %0d (expect 99)", &A<v0xb2d0da9e0, 7> {0 0 0};
    %vpi_call/w 13 55 "$display", "---------------------------------------------" {0 0 0};
    %vpi_call/w 13 57 "$finish" {0 0 0};
    %end;
    .thread T_25;
# The file index is used to find the file name in the following table.
:file_names 25;
    "N/A";
    "<interactive>";
    "-";
    "rtl/cpu.v";
    "rtl/alu_control.v";
    "rtl/alu.v";
    "rtl/branch_comparator.v";
    "rtl/control_unit.v";
    "rtl/data_memory.v";
    "rtl/instruction_memory.v";
    "rtl/immediate_generator.v";
    "rtl/program_counter.v";
    "rtl/register_file.v";
    "testbench/cpu_pipeline_tb.v";
    "rtl/cpu_pipeline.v";
    "rtl/ex_stage.v";
    "rtl/ex_mem_register.v";
    "rtl/forwarding_unit.v";
    "rtl/hazard_detection_unit.v";
    "rtl/id_stage.v";
    "rtl/id_ex_register.v";
    "rtl/if_id_register.v";
    "rtl/mem_stage.v";
    "rtl/mem_wb_register.v";
    "rtl/wb_stage.v";
